Label,ImageNumber,ObjectNumber,Metadata_Well,Cells_Number_Object_Number,Cells_Children_Cytoplasm_Count,Cells_Location_Center_X,Cells_Location_Center_Y,Cells_Location_Center_Z,Cells_Parent_Nuclei,Cytoplasm_Number_Object_Number,Cytoplasm_Intensity_IntegratedIntensityEdge_GFP,Cytoplasm_Intensity_IntegratedIntensity_GFP,Cytoplasm_Intensity_LowerQuartileIntensity_GFP,Cytoplasm_Intensity_MADIntensity_GFP,Cytoplasm_Intensity_MassDisplacement_GFP,Cytoplasm_Intensity_MaxIntensityEdge_GFP,Cytoplasm_Intensity_MaxIntensity_GFP,Cytoplasm_Intensity_MeanIntensityEdge_GFP,Cytoplasm_Intensity_MeanIntensity_GFP,Cytoplasm_Intensity_MedianIntensity_GFP,Cytoplasm_Intensity_MinIntensityEdge_GFP,Cytoplasm_Intensity_MinIntensity_GFP,Cytoplasm_Intensity_StdIntensityEdge_GFP,Cytoplasm_Intensity_StdIntensity_GFP,Cytoplasm_Intensity_UpperQuartileIntensity_GFP,Cytoplasm_Location_CenterMassIntensity_X_GFP,Cytoplasm_Location_CenterMassIntensity_Y_GFP,Cytoplasm_Location_CenterMassIntensity_Z_GFP,Cytoplasm_Location_Center_X,Cytoplasm_Location_Center_Y,Cytoplasm_Location_MaxIntensity_X_GFP,Cytoplasm_Location_MaxIntensity_Y_GFP,Cytoplasm_Location_MaxIntensity_Z_GFP,Cytoplasm_Math_IntensityRatio,Cytoplasm_Parent_Cells,Cytoplasm_Parent_Nuclei,Nuclei_Number_Object_Number,Nuclei_Children_Cells_Count,Nuclei_Children_Cytoplasm_Count,Nuclei_Correlation_Correlation_GFP_DNA,Nuclei_Correlation_Costes_DNA_GFP,Nuclei_Correlation_Costes_GFP_DNA,Nuclei_Correlation_K_DNA_GFP,Nuclei_Correlation_K_GFP_DNA,Nuclei_Correlation_Manders_DNA_GFP,Nuclei_Correlation_Manders_GFP_DNA,Nuclei_Correlation_Overlap_GFP_DNA,Nuclei_Correlation_RWC_DNA_GFP,Nuclei_Correlation_RWC_GFP_DNA,Nuclei_Intensity_IntegratedIntensityEdge_GFP,Nuclei_Intensity_IntegratedIntensity_GFP,Nuclei_Intensity_LowerQuartileIntensity_GFP,Nuclei_Intensity_MADIntensity_GFP,Nuclei_Intensity_MassDisplacement_GFP,Nuclei_Intensity_MaxIntensityEdge_GFP,Nuclei_Intensity_MaxIntensity_GFP,Nuclei_Intensity_MeanIntensityEdge_GFP,Nuclei_Intensity_MeanIntensity_GFP,Nuclei_Intensity_MedianIntensity_GFP,Nuclei_Intensity_MinIntensityEdge_GFP,Nuclei_Intensity_MinIntensity_GFP,Nuclei_Intensity_StdIntensityEdge_GFP,Nuclei_Intensity_StdIntensity_GFP,Nuclei_Intensity_UpperQuartileIntensity_GFP,Nuclei_Location_CenterMassIntensity_X_GFP,Nuclei_Location_CenterMassIntensity_Y_GFP,Nuclei_Location_CenterMassIntensity_Z_GFP,Nuclei_Location_Center_X,Nuclei_Location_Center_Y,Nuclei_Location_Center_Z,Nuclei_Location_MaxIntensity_X_GFP,Nuclei_Location_MaxIntensity_Y_GFP,Nuclei_Location_MaxIntensity_Z_GFP,Nuclei_Math_IntensityRatio
-1,1,1,A01,1,1,362.538745387454,14.3671586715867,0,1,1,15.0117651056498,55.9215699285269,0.054901961237192,0.050980392843485,3.54285289875533,0.270588248968124,0.270588248968124,0.11637027213682,0.11822742056771,0.105882354080677,0.019607843831182,0.019607843831182,0.074076006701575,0.068850561021156,0.172549024224281,365.083800853922,13.624754586637,0,361.801268498943,14.9577167019027,373,10,0,1.24825823285003,1,1,1,1,1,-0.685001284670092,0.910065514530846,0.989712415210472,0.570204435472249,1.24990846770219,1,1,0.844217597671425,0.89192496497705,0.896319736089848,6.54509821534157,17.2666670754552,0.10196078568697,0.033333338797093,0.708274393336173,0.270588248968124,0.270588248968124,0.187002806152616,0.147578351072267,0.131372556090355,0.098039217293263,0.082352943718433,0.052803195753659,0.054706729461952,0.184313729405403,368.222802630252,9.98137632766997,0,367.529914529915,10.1282051282051,0,373,10,0,1.24825823285003
-1,1,2,A01,2,1,482.773462783172,10.9692556634304,0,2,2,14.9921573102474,79.9372567199171,0.141176477074623,0.027450978755951,1.34856324176218,0.235294118523598,0.250980406999588,0.142782450573785,0.165844930954185,0.168627455830574,0.039215687662363,0.039215687662363,0.043161678182944,0.046001927284364,0.200000002980232,480.877551021684,12.2760007588461,0,481.811203319502,11.3029045643154,477,16,0,0.689077789314138,2,2,2,1,1,-0.627930690529717,0.667624597915641,0.89476861168748,0.411743142247131,1.7992244503378,1,1,0.86070803922698,0.864172545686537,0.884043808409076,6.8549021333456,22.6274515613914,0.086274512112141,0.019607841968536,0.178989003993559,0.243137255311012,0.243137255311012,0.155793230303309,0.114280058390865,0.10196078568697,0.094117648899555,0.070588238537312,0.038271737247296,0.037967909840466,0.131372556090355,486.237781631887,9.89913345154863,0,486.080808080808,9.81313131313131,0,492,5,0,0.689077789314138
-1,1,3,A01,3,1,143.534416826004,13.4397705544933,0,3,3,11.2549022305757,37.8470598952845,0.023529412224889,0.011764707043767,4.18876450407821,0.26274511218071,0.26274511218071,0.061502197981288,0.047968390234835,0.031372550874949,0.015686275437474,0.011764706112444,0.057799304022971,0.043917219264295,0.050980392843485,137.245466814284,12.7470728634217,0,141.188846641318,14.1596958174905,118,1,0,0.64652949255437,3,3,3,1,1,-0.614978807902715,0,0,0.053307745614259,9.4369472349168,1,0.92717391309866,0.70926890709669,0.542430765453225,0.657853792849682,2.55686279572546,10.823529670015,0.019607843831182,0.003921568393707,2.75780161037536,0.062745101749897,0.066666670143604,0.037600923466551,0.031012978997178,0.023529412224889,0.015686275437474,0.015686275437474,0.013754053414689,0.01394180116757,0.039215687662363,153.559782572471,12.628623178961,0,151.085959885387,11.4097421203438,0,162,18,0,0.64652949255437
-1,1,4,A01,4,1,435.879640044994,18.0708661417323,0,4,4,6.27058841474354,30.6901970263571,0.019607843831182,0.007843136787415,5.171757773785,0.152941182255745,0.152941182255745,0.038707335893479,0.042272998658894,0.027450980618596,0.015686275437474,0.015686275437474,0.030182397389743,0.029221459284703,0.0588235296309,431.263608476464,16.6078456527861,0,435.710743801653,19.2479338842975,419,11,0,0.478588165247887,4,4,4,1,1,-0.62046916622464,0,0,0.070392050164506,11.2336836453993,1,1,0.889248009668358,0.772897660001675,0.810580192423211,1.47058827243745,4.83529429137707,0.015686275437474,0.003921568393707,0.05491080572114,0.039215687662363,0.039215687662363,0.025354970214439,0.020231356867687,0.019607843831182,0.015686275437474,0.011764706112444,0.005108717208839,0.00504760672648,0.023529412224889,436.68450930787,12.9343065684925,0,436.652719665272,12.979079497908,0,430,3,0,0.478588165247887
-1,1,5,A01,5,1,605.116812227074,14.4050218340611,0,5,5,5.72549039311707,25.6352949626744,0.023529412224889,0.00784313865006,0.567467896507532,0.094117648899555,0.094117648899555,0.031985979849816,0.033554050998265,0.031372550874949,0.019607843831182,0.015686275437474,0.016202536239884,0.011936753382942,0.039215687662363,605.443628585958,14.2311457959566,0,605.30497382199,14.7814136125654,583,22,0,0.774019213981676,5,5,5,1,1,-0.550939252543434,0,0,0.110420355784386,7.53442140596086,1,1,0.912114845990182,0.829258289635428,0.849959338675013,1.59607847593725,5.71372563950717,0.019607843831182,0.003921568393707,0.664418031565839,0.050980392843485,0.050980392843485,0.033251634915359,0.025971480179578,0.023529412224889,0.019607843831182,0.015686275437474,0.009504903772729,0.007316004225653,0.027450980618596,604.769389159924,12.7419354828509,0,604.168181818182,12.4590909090909,0,604,19,0,0.774019213981676
-1,1,6,A01,6,1,397.539071347678,20.9796149490374,0,6,6,7.66666690073907,25.9098047148436,0.027450980618596,0.003921570256352,3.37905156237209,0.156862750649452,0.156862750649452,0.049145300645763,0.038271498840242,0.031372550874949,0.015686275437474,0.015686275437474,0.037018434940789,0.025046321986308,0.035294119268656,399.249432481695,19.8805811690366,0,397.104874446086,22.4918759231905,416,10,0,0.607483405512936,6,6,6,1,1,-0.703883296837672,0,0,0.06541105395514,11.1696529576652,1,1,0.85476240691436,0.713440423652378,0.7730409027093,1.65098043903708,6.50980412587523,0.019607843831182,0.003921568393707,0.420005664268318,0.054901961237192,0.054901961237192,0.031150574321455,0.023249300449555,0.019607843831182,0.015686275437474,0.015686275437474,0.007858479256652,0.00647174020553,0.027450980618596,399.304819285712,15.8204819131431,0,398.928571428571,16.0071428571429,0,402,8,0,0.607483405512936
-1,1,7,A01,7,1,194.958794587946,23.6094710947109,0,7,7,27.078432129696,102.949022712186,0.054901961237192,0.011764708906412,2.89988950518157,0.258823543787003,0.258823543787003,0.101798617028932,0.078050813276866,0.062745101749897,0.019607843831182,0.019607843831182,0.059438792429173,0.043690039222533,0.082352943718433,199.364886462364,26.1166006454251,0,196.96739954511,24.4852160727824,217,9,0,0.864567988025984,7,7,7,1,1,-0.512791413761431,0.013907228482353,0.485380115399694,0.086106128285143,8.11060090234822,1,0.653075046649705,0.835686808419993,0.335481983073452,0.346252182527281,6.20784336701036,28.9490206427872,0.0588235296309,0.007843136787415,0.209928428475212,0.094117648899555,0.098039217293263,0.068218058978136,0.067480234598572,0.066666670143604,0.047058824449778,0.047058824449778,0.009603715788521,0.010484681444658,0.074509806931019,186.699810377995,19.5950961676764,0,186.81351981352,19.7715617715618,0,174,16,0,0.864567988025984
-1,1,8,A01,8,1,567.601597160603,21.0443655723159,0,8,8,12.1294120866805,83.2549039106816,0.062745101749897,0.015686273574829,0.193318575917712,0.14509804546833,0.14509804546833,0.073511588404125,0.081943803061695,0.086274512112141,0.019607843831182,0.019607843831182,0.030853262617762,0.022672678166045,0.098039217293263,567.793923701943,21.0951012844052,0,567.983267716535,21.0561023622047,581,26,0,0.745675818305052,8,8,8,1,1,-0.446994258468123,0.076038411302088,0.914062498956355,0.281240963938718,3.03554714109306,1,1,0.923969806888966,0.882386250644785,0.901572494736221,3.41960791125894,10.5098041333258,0.050980392843485,0.003921568393707,0.487156327161035,0.109803922474384,0.109803922474384,0.077718361619521,0.061103512403057,0.054901961237192,0.047058824449778,0.039215687662363,0.021822725063988,0.016680369397444,0.062745101749897,564.533582090241,20.955970142486,0,564.046511627907,20.9651162790698,0,569,26,0,0.745675818305052
-1,1,9,A01,9,1,107.664457332229,21.7332228666114,0,9,9,36.705883461982,295.207850389183,0.168627455830574,0.125490188598633,2.85419589389109,0.607843160629272,0.607843160629272,0.23231571811381,0.301540194473118,0.325490206480026,0.019607843831182,0.019607843831182,0.16482015645013,0.155657399690554,0.428431376814842,109.877573785317,19.8625096444144,0,107.17568947906,20.782431052094,112,17,0,0.997363239492914,9,9,9,1,1,-0.67928564682766,1,0.942843481570148,0.598617800867182,0.977791739261041,1,0.963837092441317,0.765064402950851,0.765676379404887,0.709970074008915,24.4352948218584,90.2235315591097,0.200000002980232,0.062745109200478,0.890864235867415,0.592156887054443,0.615686297416687,0.428689382839621,0.300745105197032,0.24705882370472,0.235294118523598,0.16078431904316,0.094874720524247,0.123754373474822,0.407843142747879,110.630286420807,25.5340982971396,0,109.79,25.83,0,111,17,0,0.997363239492914
-1,1,10,A01,10,1,496.7953125,26.5546875,0,10,10,18.0784318633378,78.0196099355817,0.125490203499794,0.027450978755951,0.744943312638349,0.282352954149246,0.30588236451149,0.140142882661533,0.154188952441861,0.16078431904316,0.054901961237192,0.054901961237192,0.049785522461952,0.041970863571575,0.184313729405403,497.147072147431,27.8299572621263,0,497.565217391304,27.2134387351779,495,37,0,0.767332098233403,10,10,10,1,1,-0.425641097840485,0.807723642917451,0.911042944470851,0.427230611450698,1.84734694457971,1,1,0.888393586590068,0.867959804454322,0.888133931326835,6.33333347737789,22.952941685915,0.090196080505848,0.015686273574829,0.880075741635148,0.227450981736183,0.227450981736183,0.143939397213134,0.118314132401624,0.105882354080677,0.082352943718433,0.078431375324726,0.042718593764395,0.037016769245824,0.133333340287209,494.715017937186,24.2936955420431,0,493.850515463918,24.1288659793814,0,499,21,0,0.767332098233403
1,2,1,A012,1,1,560.289095519865,14.0160608622147,0,1,1,10.5647062286735,32.0549029493704,0.007843137718737,0.011764706112444,7.45553505774168,0.364705890417099,0.364705890417099,0.037731093673834,0.032248393309226,0.019607843831182,0.007843137718737,0.003921568859369,0.066983870441889,0.040214991701103,0.04313725605607,554.635674130401,13.0222657377247,0,562.042253521127,13.8752515090543,544,14,0,9.98664175682325,1,1,1,1,1,0.877964530235591,1,1,1.37229537599185,0.700606423531474,0.949109907471488,0.995834947737508,0.980529936005236,0.821647223369202,0.851848105367407,6.13725506141782,83.4117661640048,0.16078431904316,0.080392152070999,0.849735618297587,0.290196090936661,0.533333361148834,0.11579726530977,0.322053151212374,0.386274516582489,0.047058824449778,0.047058824449778,0.067230555432795,0.153131110649592,0.447058826684952,550.296191829637,14.9740009358197,0,551.119691119691,14.7644787644788,0,554,14,0,9.98664175682325
1,2,2,A012,2,1,525.722680412371,15.0340206185567,0,2,2,10.4235296929255,33.1450990298763,0.015686275437474,0.015686275437474,1.57432606428099,0.400000005960465,0.400000005960465,0.071394038992641,0.042712756481799,0.031372550874949,0.007843137718737,0.003921568859369,0.082168447977225,0.044372154512049,0.054901961237192,525.062115478189,15.1044723073963,0,526.545103092784,14.576030927835,514,15,0,7.29110200032008,2,2,2,1,1,0.922689235712579,1,1,1.35416138331661,0.70739581084564,0.932267591179287,0.98334503873917,0.978738008747543,0.797152256516806,0.824682136311128,6.36078448966146,82.2156889550388,0.10196078568697,0.211764715611935,1.8272527873163,0.360784322023392,0.639215707778931,0.120014801691726,0.311423064223632,0.313725501298904,0.050980392843485,0.050980392843485,0.068223386654801,0.203391269772224,0.521568655967712,521.048127843568,18.002432638449,0,522.416666666667,16.7916666666667,0,524,16,0,7.29110200032008
1,2,3,A012,3,1,257.310624493106,25.2781832927818,0,3,3,15.7294122669846,57.396080146078,0.023529412224889,0.015686275437474,4.09091355313167,0.368627458810806,0.368627458810806,0.075622174360503,0.056547862212885,0.04313725605607,0.007843137718737,0.003921568859369,0.101330235401579,0.060790229929026,0.0588235296309,254.659879742587,26.0851325453261,0,258.750738916256,26.064039408867,240,15,0,6.37620228454057,3,3,3,1,1,0.833388890621647,1,1,1.92293368039149,0.502679371447605,0.986866005029895,1,0.983167886881291,0.77790016090054,0.774781271040141,10.741176802665,107.447061251849,0.286274522542953,0.078431367874146,0.455601496124603,0.360784322023392,0.5686274766922,0.188441698292368,0.360560608227681,0.39215686917305,0.0588235296309,0.0588235296309,0.094012733423084,0.128397297482855,0.458823531866074,250.185517728436,21.6446950712396,0,250.637583892617,21.7013422818792,0,251,24,0,6.37620228454057
1,2,4,A012,4,1,77.7038288288288,16.3581081081081,0,4,4,5.14901984948665,50.6862763003446,0.007843137718737,0.00392156932503,15.2968083195345,0.086274512112141,0.094117648899555,0.011919027429367,0.020637734649978,0.011764706112444,0.007843137718737,0.003921568859369,0.009332018065805,0.017659404600225,0.027450980618596,95.4468857236787,10.330135443269,0,81.0154723127036,15.4022801302932,110,1,0,1.62543571989801,4,4,4,1,1,0.805378747561227,1,1,0.188106136322571,5.12053787886395,0.998011320199604,1,0.981429873341172,0.852942555224025,0.860853627574388,1.39607848133892,9.92941207904369,0.027450980618596,0.007843136787415,0.756978802652122,0.039215687662363,0.054901961237192,0.022886532480966,0.03354531107785,0.035294119268656,0.007843137718737,0.007843137718737,0.007351356035579,0.010165906590508,0.039215687662363,38.1074249741503,27.3613744080878,0,38.8412162162162,27.5472972972973,0,34,26,0,1.62543571989801
1,2,5,A012,5,1,398.281750266809,35.820704375667,0,5,5,9.32156893704086,35.5137266367674,0.019607843831182,0.019607843831182,2.18051022642385,0.380392163991928,0.380392163991928,0.051500380867629,0.045068181011126,0.04313725605607,0.007843137718737,0.003921568859369,0.069048076419318,0.037737379370183,0.0588235296309,396.62831272432,37.7706492831281,0,398.545685279188,36.7322335025381,388,31,0,6.33230855504477,5,5,5,1,1,0.9020373364806,1,1,0.972098472896101,0.984465540898743,0.935113808836044,0.983652979591093,0.978262464232633,0.874385677131049,0.920585172841306,4.62745113670826,64.2117663398385,0.095098040997982,0.166666656732559,1.13303750280543,0.286274522542953,0.607843160629272,0.087310398805816,0.28538562817706,0.307843148708343,0.035294119268656,0.035294119268656,0.05779167214075,0.176559351206989,0.439215689897537,395.783253955518,30.9680591287208,0,396.915555555555,31.0088888888889,0,401,33,0,6.33230855504477
1,2,6,A012,6,1,496.466474405191,31.8666186012978,0,6,6,5.30588256940246,17.1647065724246,0.007843137718737,0.003921568393707,5.1228735158783,0.086274512112141,0.086274512112141,0.018047219623818,0.01570421461338,0.011764706112444,0.007843137718737,0.003921568859369,0.01734048032261,0.012261300898512,0.015686275437474,501.250628224772,32.6189170468969,0,496.445562671546,30.8426349496798,512,43,0,2.36058156184264,6,6,6,1,1,0.871673526748005,1,1,0.150720165104762,6.29310825811815,0.94347788448035,0.989340247607507,0.97390878201488,0.696857819850024,0.745120863513244,1.16862749215215,14.2352945124731,0.015686275437474,0.015686273574829,1.49165006821193,0.050980392843485,0.078431375324726,0.018259804564878,0.037071079459565,0.04313725605607,0.011764706112444,0.011764706112444,0.00826729183081,0.018611487656551,0.050980392843485,495.016804414947,35.7573002807162,0,496.5078125,35.7135416666667,0,496,33,0,2.36058156184264
1,2,7,A012,7,1,213.93125,24.2331730769231,0,7,7,14.4901966005564,56.9294136078097,0.011764706112444,0.007843137718737,3.80096562833942,0.415686279535294,0.415686279535294,0.04404315076157,0.029527704153428,0.019607843831182,0.007843137718737,0.003921568859369,0.069257392053782,0.037114002649927,0.035294119268656,214.099676229249,26.5165667898335,0,212.748962655602,22.9636929460581,222,34,0,9.41052351845305,7,7,7,1,1,0.779509922672884,1,1,1.39875720596172,0.657191553883578,0.964670014446622,1,0.958776001833503,0.846770216365815,0.854684872479887,6.63921590894461,62.2431385815144,0.149019613862038,0.133333325386047,1.38191731228965,0.309803932905197,0.545098066329956,0.132784318178892,0.27787115438176,0.278431385755539,0.050980392843485,0.050980392843485,0.086053230947124,0.141322149550857,0.411764711141586,227.678490432884,40.0452369067627,0,229.026785714286,40.3482142857143,0,226,41,0,9.41052351845305
1,2,8,A012,8,1,293.4827099506,44.9809456598447,0,8,8,12.0470591261983,48.1607857570052,0.011764706112444,0.007843137718737,3.66395474697039,0.466666668653488,0.466666668653488,0.055773421880548,0.040167461015017,0.019607843831182,0.007843137718737,0.003921568859369,0.095154860990317,0.05236954993229,0.04313725605607,290.629183300818,43.6833319857435,0,293.665554628857,45.7339449541284,283,39,0,10.141079186263,8,8,8,1,1,0.835848767255646,1,1,1.57601169062613,0.596872114837844,0.998918802021225,0.98666017557179,0.96988526681932,0.797600176144124,0.766451900863328,9.00392177700996,120.980396650732,0.211764708161354,0.06470587849617,0.960999566475475,0.415686279535294,0.580392181873322,0.163707668672908,0.407341402864416,0.511764734983444,0.078431375324726,0.078431375324726,0.077319095936123,0.185873645463656,0.57156865298748,291.617082657626,40.7676175050417,0,292.572390572391,40.8720538720539,0,292,39,0,10.141079186263
1,2,9,A012,9,1,207.906127770535,43.4406779661017,0,9,9,11.8000003341585,38.1921579535119,0.015686275437474,0.019607844762504,1.9150464614836,0.39215686917305,0.39215686917305,0.076129034413926,0.058219752977915,0.031372550874949,0.007843137718737,0.003921568859369,0.103749014761639,0.068039336348463,0.082352943718433,209.527056136789,43.1263990114927,0,207.676829268293,43.6204268292683,206,48,0,5.33039864803571,9,9,9,1,1,0.796914150397935,1,1,1.74592979750449,0.54450911360228,1,1,0.975025479898335,0.832497676977093,0.816466467827986,8.24313748627901,52.7568637356162,0.205882355570793,0.094117641448975,0.798522492552855,0.368627458810806,0.501960813999176,0.19170087177393,0.310334492562448,0.341176480054855,0.098039217293263,0.098039217293263,0.087145666412028,0.12068207056106,0.419607847929001,208.510443769831,42.5397309105818,0,209.282352941176,42.3352941176471,0,208,43,0,5.33039864803571
1,2,10,A012,10,1,603.957004160888,35.4424410540915,0,10,10,8.92941205110401,37.964707151521,0.011764706112444,0.011764705181122,3.78270553986576,0.333333343267441,0.333333343267441,0.038159880560274,0.030106825655449,0.027450980618596,0.007843137718737,0.003921568859369,0.057987490227881,0.030277744207797,0.035294119268656,604.272905677149,38.0366697470341,0,604.122918318795,34.2569389373513,594,47,0,8.63586291579196,10,10,10,1,1,0.915196180669566,1,1,1.01515785142414,0.957528134609392,0.978009478666158,0.988104135368529,0.985922006960103,0.935750140122851,0.942013687839112,5.09019622206688,64.2196095399559,0.155882358551025,0.070588245987892,1.00576187064472,0.254901975393295,0.443137258291245,0.096041438152205,0.259998419190105,0.30588236451149,0.050980392843485,0.050980392843485,0.056934130645453,0.120050037772525,0.353921577334404,601.754824135464,43.881045433988,0,602.748987854251,43.7287449392713,0,597,44,0,8.63586291579196
-1,10,1,E02,1,1,291.555172413793,21.2681034482759,0,1,1,11.7372552379966,91.8274534456432,0.031372550874949,0.039215689525008,1.21471506482577,0.270588248968124,0.30588236451149,0.067455489873544,0.093320582769963,0.066666670143604,0.023529412224889,0.019607843831182,0.063372987366457,0.072346817849372,0.137254908680916,291.513751281893,23.421293140212,0,291.02337398374,22.3099593495935,294,30,0,1.20990636449599,1,1,1,1,1,-0.653292704122854,1,1,0.403571680556346,1.19949569305208,1,0.931386447077056,0.695760370145587,0.795535656180715,0.781416952211713,8.21176496148109,27.6627459228039,0.062745101749897,0.031372550874949,0.781296750277291,0.266666680574417,0.270588248968124,0.154938961537379,0.112909167031853,0.090196080505848,0.074509806931019,0.050980392843485,0.058134442281404,0.060657750561755,0.14509804546833,295.024666869235,16.04678196538,0,294.49387755102,15.4734693877551,0,295,26,0,1.20990636449599
-1,10,2,E02,2,1,381.808118081181,24.1411439114391,0,2,2,45.3529423102737,264.705888435245,0.180392161011696,0.10196079313755,2.76677372349949,0.458823531866074,0.576470613479614,0.256231312487422,0.287411388094728,0.294117659330368,0.10196078568697,0.066666670143604,0.092484099118069,0.11355935392999,0.384313732385635,384.298992590869,24.031955566624,0,381.643865363735,24.8099891422367,374,16,0,0.703596566606826,2,2,2,1,1,-0.667034809210797,1,1,1.16168629048957,0.446250639316274,1,1,0.720002256813074,0.893170542921744,0.763902453339191,16.3254904672503,47.1176481470466,0.118627451360226,0.033333338797093,1.06300659609614,0.486274510622025,0.486274510622025,0.333173274841844,0.202221665867153,0.147058829665184,0.117647059261799,0.086274512112141,0.113181791636894,0.113690727131923,0.269607856869698,383.712942130992,20.7634623477105,0,382.703862660944,20.4291845493562,0,387,30,0,0.703596566606826
-1,10,3,E02,3,1,336.400510204082,24.6492346938775,0,3,3,44.7490210589021,301.305891370401,0.078431375324726,0.098039217293263,5.48050303012366,0.631372570991516,0.635294139385223,0.200668255869516,0.228955844506384,0.164705887436867,0.023529412224889,0.023529412224889,0.204894831458754,0.177470312533972,0.345098048448563,340.433732890163,25.372873646016,0,335.259878419453,23.5653495440729,349,22,0,1.56664971881991,3,3,3,1,1,-0.734214832564945,1,0.999242598880634,1.32852849866863,0.366093922058958,1,0.96645135758368,0.69739960470644,0.839115680298036,0.580999994256809,30.8392169103026,119.086278326809,0.219607844948769,0.105882346630096,0.840256176213772,0.635294139385223,0.635294139385223,0.531710636384528,0.358693609418101,0.294117659330368,0.090196080505848,0.090196080505848,0.142576332622155,0.167336474320235,0.545098066329956,342.733526528031,29.6378634654301,0,342.259036144578,30.3313253012048,0,346,23,0,1.56664971881991
-1,10,4,E02,4,1,107.149436090226,26.3693609022556,0,4,4,20.4156867973506,177.09020104818,0.039215687662363,0.039215687662363,4.54229553818665,0.298039227724075,0.309803932905197,0.094956682778375,0.092138502106233,0.070588238537312,0.023529412224889,0.019607843831182,0.078178416826448,0.060288523635048,0.141176477074623,108.468709865548,30.1971300744313,0,107.390738813736,25.7845993756504,97,21,0,1.52150431018947,4,4,4,1,1,-0.651678828632384,1,0.99712330130012,0.379669881012353,1.7145929951279,1,0.756670964745705,0.806832893754849,0.732215068362853,0.59478953417227,9.69019627571106,39.5333341211081,0.098039217293263,0.023529410362244,0.802815422355996,0.26274511218071,0.321568638086319,0.179448079179834,0.140189128089036,0.117647059261799,0.109803922474384,0.082352943718433,0.040332217970859,0.050340498916923,0.180392161011696,105.663922210493,31.4206923847428,0,104.960992907801,31.8085106382979,0,102,23,0,1.52150431018947
-1,10,5,E02,5,1,258.328255902513,27.8857578065499,0,5,5,12.4352944698185,167.725495146588,0.031372550874949,0.031372549012303,2.7004227292289,0.200000002980232,0.368627458810806,0.049346406626264,0.071070125062113,0.0588235296309,0.023529412224889,0.015686275437474,0.041194438261513,0.046993861398612,0.10196078568697,256.478512981604,25.7132102010075,0,258.419491525424,27.5906779661017,246,0,0,0.995414157369729,5,5,5,1,1,-0.800107503668187,1,1,0.346835513161119,1.49269878893802,1,0.979842519626802,0.719528283291421,0.844040273172105,0.855278888818601,8.05882379412651,24.9019614458084,0.047058824449778,0.007843136787415,0.714330114578551,0.200000002980232,0.200000002980232,0.127917838002008,0.070744208652865,0.050980392843485,0.062745101749897,0.035294119268656,0.029507500069331,0.036850135816956,0.090196080505848,258.157007897288,30.6374803222627,0,257.460227272727,30.4801136363636,0,264,41,0,0.995414157369729
-1,10,6,E02,6,1,574.415571284125,37.7901921132457,0,6,6,11.0980395171791,87.254904711619,0.031372550874949,0.015686273574829,0.788978061953747,0.098039217293263,0.105882354080677,0.041410595213355,0.050553247225735,0.050980392843485,0.023529412224889,0.011764706112444,0.020734454820941,0.018683963498134,0.062745101749897,574.659325831998,38.9178876430973,0,573.969293163384,38.5353418308227,579,48,0,0.781238480272954,6,6,6,1,1,-0.69396790098635,1,1,0.24124376907693,2.84695212082437,1,1,0.828739681690958,0.855620888782172,0.892642471579314,3.63921577483416,13.3490200079978,0.027450980618596,0.00784313865006,0.712230547175722,0.090196080505848,0.090196080505848,0.055987934997449,0.039494142035496,0.035294119268656,0.031372550874949,0.023529412224889,0.013133228576925,0.013280362777461,0.047058824449778,577.803760271694,33.2447121155326,0,577.42899408284,32.6390532544379,0,580,47,0,0.781238480272954
-1,10,7,E02,7,1,49.2312348668281,42.3087167070218,0,7,7,44.7529423460364,217.15686815232,0.274509817361832,0.094117641448975,0.352320010816036,0.803921580314636,0.803921580314636,0.285050588191315,0.373121766584743,0.368627458810806,0.047058824449778,0.047058824449778,0.128970000340907,0.132092369524616,0.460784316062927,47.5064559927179,41.0996478532512,0,47.4982817869416,40.7474226804124,57,33,0,0.673031145618785,7,7,7,1,1,-0.415150564115834,1,1,1.43396319035414,0.437768950527628,0.995867427102619,1,0.792303326344513,0.884260695404133,0.758343976268221,21.7843142896891,83.1215706765652,0.184313729405403,0.035294130444527,1.5366416583207,0.803921580314636,0.803921580314636,0.345782766503001,0.251122570019834,0.215686276555061,0.082352943718433,0.082352943718433,0.17041022688723,0.115641452445669,0.266666680574417,53.4508869702163,44.4316852098427,0,53.3323262839879,45.963746223565,0,57,33,0,0.673031145618785
-1,10,8,E02,8,1,423.31673582296,45.597510373444,0,8,8,17.9019612576813,41.8627463039011,0.027450980618596,0.015686275437474,3.07127644356516,0.411764711141586,0.411764711141586,0.082497517316504,0.069309182622353,0.039215687662363,0.023529412224889,0.015686275437474,0.081662767390541,0.065658554735402,0.086274512112141,420.224355971506,47.2781264542836,0,423.013245033113,45.9917218543046,406,51,0,0.690797173000912,8,8,8,1,1,0.49365966149931,1,1,0.319469917641011,2.83522284240882,1,1,0.951718660087244,0.870492353128484,0.890028128674524,1.78039221093059,8.47450997307897,0.04313725605607,0.003921568393707,0.292621510376096,0.070588238537312,0.070588238537312,0.042390290736443,0.047878587418525,0.047058824449778,0.031372550874949,0.031372550874949,0.007854244796997,0.006716885185726,0.050980392843485,424.58445165604,43.6214715407395,0,424.875706214689,43.5932203389831,0,418,45,0,0.690797173000912
-1,10,9,E02,9,1,610.273591310251,46.9090291921249,0,9,9,13.7058827243745,116.839218657464,0.070588238537312,0.019607841968536,1.44727994579842,0.176470592617989,0.20392157137394,0.064956790162913,0.092217220724123,0.094117648899555,0.023529412224889,0.023529412224889,0.036660444253622,0.033933436831244,0.109803922474384,611.652279009714,45.6005907594467,0,610.801104972376,46.7711128650355,629,32,0,0.554978724874503,9,9,9,1,1,-0.55359204922157,1,1,0.446134727529167,1.76830398993221,1,1,0.888201451663497,0.923418691313474,0.932923464609058,3.96078439801931,14.1764709725976,0.039215687662363,0.003921568393707,0.899126845919013,0.117647059261799,0.117647059261799,0.07334785922258,0.051178595568944,0.04313725605607,0.04313725605607,0.035294119268656,0.02345218073363,0.017650271530972,0.054901961237192,607.850345768691,47.4802213068463,0,607.025270758123,47.8375451263538,0,616,43,0,0.554978724874503
-1,10,10,E02,10,1,73.5587248322148,56.4005872483221,0,10,10,29.4196086339653,158.78431802243,0.04313725605607,0.023529410362244,2.08973801223413,0.317647069692612,0.317647069692612,0.080823100642762,0.072570529260708,0.062745101749897,0.023529412224889,0.015686275437474,0.061710595534213,0.040951557376915,0.090196080505848,73.864287463734,54.5215608857717,0,74.3747714808044,56.5479890310786,64,26,0,0.476678568938914,10,10,10,1,1,-0.625975658681073,1,1,0.230606996830476,2.68606303341258,0.995424387988428,1,0.787035532509577,0.863973763156199,0.902298414106692,2.99607849679887,9.47843159362674,0.023529412224889,0.003921570256352,0.725505068810379,0.121568627655506,0.121568627655506,0.052562780645594,0.034592816035134,0.027450980618596,0.023529412224889,0.015686275437474,0.020288956734565,0.016324908312212,0.04313725605607,65.0281340495183,54.0860570872573,0,64.514598540146,54.5985401459854,0,60,50,0,0.476678568938914
1,18,1,E10,1,1,466.114777618364,23.9598278335725,0,1,1,4.09803933184594,14.2666671341285,0.015686275437474,0.003921568393707,3.61513738476385,0.141176477074623,0.141176477074623,0.02806876254689,0.027864584246345,0.019607843831182,0.011764706112444,0.007843137718737,0.024877186459943,0.021077224111164,0.027450980618596,463.399670146179,27.6014293630548,0,464.900390625,24.3125,463,29,0,4.98894863439409,1,1,1,1,1,0.901790341386433,1,1,1.22897821078604,0.778391847510192,0.918272515640018,0.9965696711128,0.978072911414849,0.870819753026223,0.93935575565047,1.71372554451227,35.3098047990352,0.035294119268656,0.078431367874146,0.86983093462064,0.094117648899555,0.298039227724075,0.031735658231709,0.139014979523761,0.168627455830574,0.019607843831182,0.019607843831182,0.013777648394387,0.088743443190538,0.219607844948769,468.723789423609,23.2969791259054,0,469.488188976378,22.8818897637795,0,467,24,0,4.98894863439409
1,18,2,E10,2,1,491.004918032787,28.4704918032787,0,2,2,2.85098048392683,6.8313727863133,0.011764706112444,0.00392156932503,1.5508465421185,0.086274512112141,0.086274512112141,0.018512860285239,0.016540854204149,0.015686275437474,0.011764706112444,0.007843137718737,0.011962489919477,0.008050220472059,0.019607843831182,492.589552246172,29.5545350145307,0,493.98789346247,30.225181598063,477,22,0,6.00583154521155,2,2,2,1,1,0.932685246745124,1,1,0.779052403121219,1.22802252625843,0.931503635798508,0.996816807217589,0.978107305037958,0.884475005415662,0.952273689764744,1.37647063471377,26.9215692542493,0.023529412224889,0.058823531493545,0.848587602807942,0.086274512112141,0.227450981736183,0.025490196939144,0.09934158396402,0.078431375324726,0.015686275437474,0.015686275437474,0.014609951383112,0.075350876624523,0.180392161011696,483.97523670072,24.5686817164228,0,484.80442804428,24.7490774907749,0,486,28,0,6.00583154521155
1,18,3,E10,3,1,433.935371179039,31.9668122270742,0,3,3,7.3607845120132,24.9490203624591,0.015686275437474,0.007843136787415,1.09811318844993,0.156862750649452,0.156862750649452,0.036620818467727,0.026769335152853,0.023529412224889,0.011764706112444,0.007843137718737,0.032113715757043,0.018942617078214,0.031372550874949,433.975636596733,33.5413391954242,0,433.776824034335,32.4613733905579,425,32,0,5.23368429568494,3,3,3,1,1,0.933379411915642,1,1,1.25154909166122,0.775994541886332,0.964455844377051,0.983378959621729,0.985492396739774,0.916541416179853,0.930904612029945,2.94509812816977,42.4509814456105,0.0588235296309,0.074509799480438,0.686290473485547,0.117647059261799,0.290196090936661,0.04908496880283,0.140102248995414,0.141176477074623,0.023529412224889,0.023529412224889,0.025869393377928,0.077870338330084,0.211764708161354,434.163325631539,29.5375519710671,0,434.80198019802,29.7887788778878,0,439,24,0,5.23368429568494
1,18,4,E10,4,1,204.937125748503,32.5918163672655,0,4,4,14.9568633120507,46.6823544017971,0.023529412224889,0.015686275437474,2.72455914680989,0.52549022436142,0.52549022436142,0.087467036912577,0.056653342720628,0.039215687662363,0.011764706112444,0.007843137718737,0.139201944610462,0.081448451935507,0.054901961237192,203.399949552721,33.3751680131015,0,206.030339805825,32.6650485436893,192,36,0,7.50338221780527,4,4,4,1,1,0.724350311673317,1,1,3.4180388999482,0.269688753052103,0.993480725533219,0.973418778343449,0.960107623556137,0.616421533127613,0.58743078183967,9.96862780302763,104.572554349899,0.380392163991928,0.011764705181122,0.92231782137946,0.52549022436142,0.529411792755127,0.203441383735258,0.425091684349184,0.513725519180298,0.062745101749897,0.062745101749897,0.176987615037614,0.164616475379386,0.52549022436142,199.037538437089,32.2947948723995,0,199.959349593496,32.2642276422764,0,197,38,0,7.50338221780527
1,18,5,E10,5,1,237.348586810229,30.8371467025572,0,5,5,10.6392160449177,28.3411773946136,0.019607843831182,0.015686275437474,5.6288651533597,0.407843142747879,0.407843142747879,0.06776570729247,0.048779995515686,0.035294119268656,0.011764706112444,0.011764706112444,0.088109994765422,0.053095902667826,0.0588235296309,233.842119828816,32.7956275096147,0,238.304647160069,29.3648881239243,226,42,0,7.07492783685816,5,5,5,1,1,0.845644431850406,1,1,2.81230655426108,0.334541558972894,0.980867731150678,0.966969817845773,0.969965679275401,0.675749791779399,0.654724114977467,6.04313745163381,80.0666679721326,0.180392161011696,0.062745094299316,0.675277877284074,0.333333343267441,0.513725519180298,0.120862749032676,0.345114948155744,0.443137258291245,0.027450980618596,0.027450980618596,0.089045313310523,0.168811125841056,0.482352942228317,233.390165057038,36.1302346038792,0,234.060344827586,36.0474137931034,0,235,38,0,7.07492783685816
1,18,6,E10,6,1,50.3178378378378,44.0605405405406,0,6,6,8.97647087462246,27.0666675064713,0.015686275437474,0.007843136787415,5.32168798069223,0.337254911661148,0.337254911661148,0.05280276985072,0.03542757527025,0.023529412224889,0.011764706112444,0.007843137718737,0.073554423947156,0.044399032243882,0.035294119268656,47.6767603592615,41.3929295950561,0,50.8324607329843,45.6780104712042,40,32,0,8.34326659531567,6,6,6,1,1,0.874645861004321,1,1,3.17552334976905,0.30331163622449,0.966408756395717,1,0.981413869418771,0.709491077385306,0.725503783784058,6.04313741624355,66.5058836936951,0.20392157137394,0.086274519562721,0.835105063365972,0.274509817361832,0.513725519180298,0.120862748324871,0.295581705305311,0.333333343267441,0.039215687662363,0.039215687662363,0.071073237370126,0.13037304433482,0.407843142747879,47.0404504938017,36.3467185563099,0,47.8755555555556,36.3466666666667,0,51,40,0,8.34326659531567
1,18,7,E10,7,1,127.615019011407,49.3460076045627,0,7,7,6.69803940877318,22.2509810989723,0.015686275437474,0.007843136787415,0.625834468133454,0.149019613862038,0.149019613862038,0.030445633676242,0.02480599899551,0.019607843831182,0.011764706112444,0.007843137718737,0.032309656189313,0.019700285567331,0.027450980618596,127.893725782225,49.2604864444515,0,127.658862876254,49.8405797101449,126,42,0,4.51503700086142,7,7,7,1,1,0.789786737893613,1,1,1.56618511039889,0.610490244158235,0.992623555388212,1,0.977824488568581,0.940609202619734,0.942223735081357,3.32549028098583,25.200000744313,0.086274512112141,0.027450986206532,0.973143498560385,0.141176477074623,0.184313729405403,0.063951736172805,0.112000003308058,0.117647059261799,0.027450980618596,0.027450980618596,0.03088361961184,0.040425302572303,0.141176477074623,126.307033903816,46.4925303558202,0,127.28,46.5111111111111,0,125,47,0,4.51503700086142
1,18,8,E10,8,1,170.239616613419,47.6972843450479,0,8,8,13.423529884778,42.5215699914843,0.015686275437474,0.00784313865006,7.59475710906886,0.301960796117783,0.301960796117783,0.06678373077004,0.040343045532718,0.023529412224889,0.011764706112444,0.007843137718737,0.086923811644708,0.053337719507073,0.031372550874949,164.543760985185,48.6789633755405,0,171.991461100569,47.19165085389,152,50,0,6.42204802600485,8,8,8,1,1,0.717121300265117,1,1,4.40302130609107,0.220290840610737,0.998024203458308,1,0.984857992172367,0.76984482428313,0.762783658535789,9.47058850899339,69.9529435001314,0.233333334326744,0.035294130444527,0.528425790980373,0.274509817361832,0.372549027204513,0.182126702096027,0.259084975926412,0.270588248968124,0.054901961237192,0.054901961237192,0.07517530121541,0.066910062983863,0.30588236451149,160.279908068904,50.4564413015335,0,160.8,50.362962962963,0,158,49,0,6.42204802600485
1,18,9,E10,9,1,441.271037181996,58.4334637964775,0,9,9,17.8117652041838,46.9803935708478,0.019607843831182,0.025490196421743,6.08360679915319,0.552941203117371,0.552941203117371,0.097332050296086,0.060154153099677,0.045098040252924,0.011764706112444,0.007843137718737,0.125742760474662,0.07119585049031,0.070588238537312,439.618363960752,54.5136894850985,0,442.578745198464,59.8284250960307,430,50,0,6.93208129087202,9,9,9,1,1,0.840332068361458,1,1,4.36823077906118,0.220302463191882,0.975372650454581,0.99513121958684,0.9809852192657,0.582798202596581,0.582549628126123,9.70196101441979,133.854906845838,0.334313735365868,0.064705908298493,0.720776824298908,0.447058826684952,0.639215707778931,0.170209842358242,0.416993479270523,0.484313726425171,0.054901961237192,0.054901961237192,0.118628767824636,0.162239325296002,0.545098066329956,436.323557842228,53.7849002277409,0,437.031152647975,53.9221183800623,0,438,51,0,6.93208129087202
1,18,10,E10,10,1,20.9958579881657,67.7366863905325,0,10,10,19.8627456370741,81.4901982974261,0.011764706112444,0.011764706112444,7.08862473757247,0.701960802078247,0.701960802078247,0.087501082101648,0.054949560551198,0.023529412224889,0.011764706112444,0.007843137718737,0.15392049596833,0.082822348821649,0.062745101749897,15.4150625682495,67.5515399474796,0,22.4234659474039,68.6149696561025,6,65,0,10.3097620548948,10,10,10,1,1,0.822914142256066,1,1,6.08815352196581,0.154405574113536,0.95181255528311,0.997811008884171,0.969559095594733,0.350800126462141,0.340651683837199,13.8823532387614,163.156865559518,0.345098048448563,0.25882351398468,0.754563950606037,0.533333361148834,0.949019610881805,0.252406422522935,0.566516894303883,0.564705908298492,0.062745101749897,0.062745101749897,0.162692671080318,0.281744229366079,0.874509811401367,10.112222084496,61.8091815824106,0,10.8020833333333,61.5034722222222,0,7,58,0,10.3097620548948
