"Image_Metadata_Well","ImageNumber","ObjectNumber","Children_SpklPerObject_Count","Intensity_IntegratedIntensityEdge_CorrDNA","Intensity_IntegratedIntensityEdge_CorrGFP","Intensity_IntegratedIntensityEdge_SpecklesGFP","Intensity_IntegratedIntensity_CorrDNA","Intensity_IntegratedIntensity_CorrGFP","Intensity_IntegratedIntensity_SpecklesGFP","Intensity_LowerQuartileIntensity_CorrDNA","Intensity_LowerQuartileIntensity_CorrGFP","Intensity_LowerQuartileIntensity_SpecklesGFP","Intensity_MADIntensity_CorrDNA","Intensity_MADIntensity_CorrGFP","Intensity_MADIntensity_SpecklesGFP","Intensity_MassDisplacement_CorrDNA","Intensity_MassDisplacement_CorrGFP","Intensity_MassDisplacement_SpecklesGFP","Intensity_MaxIntensityEdge_CorrDNA","Intensity_MaxIntensityEdge_CorrGFP","Intensity_MaxIntensityEdge_SpecklesGFP","Intensity_MaxIntensity_CorrDNA","Intensity_MaxIntensity_CorrGFP","Intensity_MaxIntensity_SpecklesGFP","Intensity_MeanIntensityEdge_CorrDNA","Intensity_MeanIntensityEdge_CorrGFP","Intensity_MeanIntensityEdge_SpecklesGFP","Intensity_MeanIntensity_CorrDNA","Intensity_MeanIntensity_CorrGFP","Intensity_MeanIntensity_SpecklesGFP","Intensity_MedianIntensity_CorrDNA","Intensity_MedianIntensity_CorrGFP","Intensity_MedianIntensity_SpecklesGFP","Intensity_MinIntensityEdge_CorrDNA","Intensity_MinIntensityEdge_CorrGFP","Intensity_MinIntensityEdge_SpecklesGFP","Intensity_MinIntensity_CorrDNA","Intensity_MinIntensity_CorrGFP","Intensity_MinIntensity_SpecklesGFP","Intensity_StdIntensityEdge_CorrDNA","Intensity_StdIntensityEdge_CorrGFP","Intensity_StdIntensityEdge_SpecklesGFP","Intensity_StdIntensity_CorrDNA","Intensity_StdIntensity_CorrGFP","Intensity_StdIntensity_SpecklesGFP","Intensity_UpperQuartileIntensity_CorrDNA","Intensity_UpperQuartileIntensity_CorrGFP","Intensity_UpperQuartileIntensity_SpecklesGFP","Location_CenterMassIntensity_X_CorrDNA","Location_CenterMassIntensity_X_CorrGFP","Location_CenterMassIntensity_X_SpecklesGFP","Location_CenterMassIntensity_Y_CorrDNA","Location_CenterMassIntensity_Y_CorrGFP","Location_CenterMassIntensity_Y_SpecklesGFP","Location_CenterMassIntensity_Z_CorrDNA","Location_CenterMassIntensity_Z_CorrGFP","Location_CenterMassIntensity_Z_SpecklesGFP","Location_Center_X","Location_Center_Y","Location_Center_Z","Location_MaxIntensity_X_CorrDNA","Location_MaxIntensity_X_CorrGFP","Location_MaxIntensity_X_SpecklesGFP","Location_MaxIntensity_Y_CorrDNA","Location_MaxIntensity_Y_CorrGFP","Location_MaxIntensity_Y_SpecklesGFP","Location_MaxIntensity_Z_CorrDNA","Location_MaxIntensity_Z_CorrGFP","Location_MaxIntensity_Z_SpecklesGFP","Number_Object_Number","Parent_Nuclei"
"O04",3,1,1,9.53743989393115,17.6184743382037,1.73372673243284,241.228011857718,236.561769172549,26.6557787917554,0.062093622982502,0.088953264057636,0.003842569887638,0.011275842785835,0.018489807844162,0.008015841245651,1.44293059729882,2.31051906932051,1.20631940866391,0.139739856123924,0.244852006435394,0.061095200479031,0.381259322166443,0.244852006435394,0.061095200479031,0.065775447544353,0.121506719573818,0.011956736085744,0.114870481837009,0.112648461510738,0.012693227996074,0.070797480642796,0.104204788804054,0.011781953275204,0.04386093467474,0.050622414797545,0,0.033060938119888,0.043762121349573,0,0.013288205819746,0.044466184855944,0.010819835530389,0.093131209115351,0.03511325212526,0.010483851466796,0.103186503052711,0.128856927156448,0.019892245531082,390.281475896114,393.643505823486,390.737033181647,26.0975518891227,27.7062890919511,25.9540197582353,0,0,0,391.475238095238,26.9080952380952,0,386,395,362,28,48,42,0,0,0,1,1
"O04",3,2,0,11.8367319889367,15.7688028104603,2.77734430879354,600.015411047265,536.033247083426,87.7990302033722,0.061131982132793,0.08320552483201,0.007010420784354,0.012419121339917,0.018869165331125,0.00929382443428,2.41025502096508,1.59630033837463,1.35332740844619,0.099112167954445,0.160928159952164,0.084444172680378,0.562173366546631,0.198451399803162,0.084444172680378,0.064330065157265,0.085700015274241,0.015094262547791,0.115900214612182,0.103541287827589,0.016959441800922,0.071474976837635,0.100592263042927,0.015670709311962,0.037727139890194,0.053294342011213,0,0.024921886622906,0.036153361201286,0,0.011236211238795,0.013461166329311,0.011839307207345,0.121718764445856,0.026428961889836,0.012748714079621,0.088518979027867,0.121504424139857,0.025477591902018,276.357617740894,274.914287730717,273.776718837996,30.4045795657351,30.8833271270515,32.2416051393241,0,0,0,275.111068186208,32.4674521923894,0,281,259,245,24,39,4,0,0,0,2,2
"O04",3,3,9,13.7685074619949,17.0570653285831,5.28243619948626,414.999064642936,416.967932271771,97.1889174990356,0.065488055348396,0.077228754758835,0.010526888072491,0.012939028441906,0.020837850868702,0.012343302369118,1.70381047689615,1.15690451242365,0.921398901285125,0.106264941394329,0.145719423890114,0.075396195054054,0.452434241771698,0.254257440567017,0.097681976854801,0.069188479708517,0.085713896123533,0.026544905525057,0.10313098027906,0.103620261498949,0.024152315481868,0.077211633324623,0.094935961067677,0.023082673549652,0.04395616427064,0.026391008868814,0,0.025506462901831,0.011764706112444,0,0.014009906268792,0.020323896808376,0.016334635167442,0.082244634829751,0.038360227875866,0.017741503137403,0.093333601951599,0.122029677033424,0.035294119268656,92.0842438546039,92.5355928054834,94.3962571132756,41.0674842314291,42.463329071309,41.5393926739046,0,0,0,93.5581510934394,41.9222166998012,0,84,92,101,40,27,20,0,0,0,3,3
"O04",3,4,9,10.8524373993278,21.7711568847299,1.96563988551497,293.116506919265,424.620565596968,35.9348020367324,0.059353244490922,0.116890074685216,0.001999881118536,0.010286148637533,0.029132355004549,0.00895793735981,1.21583157789805,1.47329826207567,0.738082338500909,0.084711544215679,0.226224988698959,0.031372793018818,0.392778068780899,0.261234849691391,0.066291928291321,0.060291318885154,0.120950871581833,0.010920221586194,0.10209561369532,0.147899883523848,0.012516475805201,0.067625593394041,0.143436104059219,0.010884046554566,0.033076524734497,0.043281603604555,0,0.021907148882747,0.033438839018345,0,0.009822146493506,0.04256425533896,0.008835491370623,0.085426336489559,0.044158525163316,0.011141070569274,0.082326523959637,0.177547745406628,0.019982300698757,448.224405640857,448.452425259375,447.844043055561,39.466719743485,42.1452764625193,41.2662217196682,0,0,0,448.293277603622,40.6805990943922,0,442,453,433,45,55,37,0,0,0,4,4
"O04",3,5,0,16.0045735277236,17.4338706843555,4.91246233135462,318.215099155903,295.615608029067,72.7263035550714,0.068024404346943,0.0836984179914,0.011548712849617,0.015057817101479,0.017866581678391,0.012236949056387,2.74587525243495,0.192988245667275,0.368256961085724,0.20440186560154,0.150040626525879,0.066666662693024,0.420922964811325,0.214029788970947,0.098166100680828,0.080831179432947,0.088049851941189,0.024810415814922,0.110109030849793,0.102289137726321,0.02516481091871,0.081361778080463,0.101261645555496,0.023529414087534,0.03941672667861,0.031372550874949,0,0.028607660904527,0.015686275437474,0,0.023459675979896,0.022627830156236,0.016540555826696,0.079933855436418,0.027489586215253,0.017577128157923,0.098884839564562,0.119667887687683,0.0375115275383,46.3748159683635,48.6426848316628,48.7139157789575,60.796087472931,62.0155063221001,62.543829837621,0,0,0,48.7480968858131,62.1771626297578,0,52,52,37,69,59,56,0,0,0,5,5
"O04",3,6,13,13.0425145626068,29.015888556838,2.94316937029362,480.469941111282,634.359623417258,52.3760848045349,0.056679304689169,0.131391778588295,0.003368139266968,0.010549701750279,0.027122303843498,0.008587762713432,1.98964593526799,0.996464236974838,1.71602000806386,0.088326327502728,0.2342669069767,0.046827457845211,0.537542164325714,0.274935126304626,0.095866098999977,0.058225511440209,0.129535216771598,0.013139148974525,0.120964234922276,0.159707860880478,0.01318632547949,0.065353311598301,0.160341039299965,0.011745542287827,0.030592665076256,0.071311786770821,0,0.024027911946178,0.064061775803566,0,0.010241818868044,0.031506760952725,0.011126657568142,0.130490773863411,0.037018321138204,0.011266224031477,0.08147769421339,0.184869706630707,0.020459778606892,362.927287707215,361.991037048004,359.47700795007,71.2657457727291,71.5984114638287,71.3232403606964,0,0,0,361.066465256798,71.9700402819738,0,352,343,371,82,83,70,0,0,0,6,6
"O04",3,7,0,9.22044049575925,12.6995252389461,3.26870346814394,297.38101272285,309.195727380924,71.9043248593807,0.063481654971838,0.09083016961813,0.011353677138686,0.011829962953925,0.016510501503944,0.012749819085002,3.44906634514602,1.24455313532699,0.262516826351737,0.105105020105839,0.164938107132912,0.080525636672974,0.432179838418961,0.211190596222877,0.11013126373291,0.070926465351994,0.097688655684201,0.025143872831877,0.103725501472916,0.107846434384696,0.02507998774307,0.073395527899265,0.10880770906806,0.023529412224889,0.032802481204271,0.027450980618596,0,0.031270418316126,0,0,0.015265676199537,0.02554316192041,0.018070795016556,0.080500495148551,0.026090020174206,0.018106745423659,0.089152228087187,0.124733608216047,0.037478553131223,19.14911074074,18.6064671650385,18.4675530864442,80.3945571938128,84.9730898297429,83.993239769697,0,0,0,18.3623997209627,83.7527031740495,0,19,16,14,86,71,95,0,0,0,7,7
"O04",3,8,2,9.36892650276423,17.9411377608776,1.67419885098934,368.370532358065,374.633192939684,46.1124014183879,0.052369287237525,0.080731257796288,0.003825083374977,0.009591206908226,0.011542789638043,0.006887443363667,1.81014677580555,1.41470119300359,0.36959893953248,0.082297310233116,0.231709241867065,0.041222900152207,0.424569576978684,0.231709241867065,0.050432913005352,0.055437434927599,0.106160578466731,0.00990650207686,0.092788547193467,0.094366043561633,0.01161521446307,0.060431085526943,0.092398099601269,0.010942004621029,0.030702885240316,0.044013440608978,0,0.022290980443359,0.031190438196063,0,0.009902933513381,0.047021569762331,0.008959642213912,0.090148945121159,0.025628582808573,0.009045199066194,0.07168548181653,0.103817582130432,0.017525836825371,478.098633163789,478.843738865415,479.617259125104,78.4139451411185,79.6773505345128,78.4608842140201,0,0,0,479.883123425693,78.7176322418136,0,480,505,503,72,97,89,0,0,0,8,8
"O04",3,9,0,9.96966494619846,17.365896590054,1.98695217072964,316.063430797309,301.305114760995,35.9443952739239,0.053819245658815,0.084758782759309,0.004835654050112,0.011095080524683,0.0119733735919,0.006245233118534,2.81823812667445,2.33135728508843,0.336729955211488,0.089683696627617,0.155243501067162,0.037210017442703,0.429109662771225,0.155243501067162,0.044326327741146,0.055696452213399,0.097016182067341,0.01110029145659,0.102252808410647,0.097478199534453,0.011628727037827,0.063883870840073,0.095686115324497,0.010953452438116,0.023070555180311,0.057763624936342,0,0.017206272110343,0.041527040302754,0,0.01086433988095,0.019637200210399,0.008435176970859,0.096910824093503,0.01722101109739,0.008551930322371,0.078297900035977,0.109201671555638,0.017379878088832,420.900758985786,421.861909441744,423.436300513918,97.8804503156549,96.3515810081668,97.577549645856,0,0,0,423.716596570689,97.7641539954707,0,414,417,405,100,64,75,0,0,0,9,9
"O04",3,10,2,11.6923342570663,22.9927926138043,2.27125392109156,379.409311344847,333.06845536083,34.9472719430923,0.057875832542777,0.100306265056133,0.004037795588374,0.015088640153408,0.013734862208366,0.007088184356689,3.28341761186985,0.997525148566194,0.436377956040572,0.097197502851486,0.168797835707665,0.038934305310249,0.471922755241394,0.210036531090736,0.070272833108902,0.057315364005227,0.112709767714727,0.01113359765241,0.131785102933257,0.115688938992994,0.012138684245604,0.06932519748807,0.112559251487255,0.011203959584236,0.028443336486817,0.072212614119053,0,0.018331212922931,0.065409064292908,0,0.009823703897393,0.0204169707548,0.008899221946541,0.123942241003693,0.021081756645893,0.009726747963493,0.134140804409981,0.128564059734344,0.018242303282023,353.876623674113,350.558875543746,350.264520151635,125.76481971841,127.181804594858,126.438777787761,0,0,0,350.620354289684,126.186175755471,0,354,350,350,131,140,140,0,0,0,10,10
"O04",3,11,0,14.1628845259547,24.1982315182686,3.76692677289248,632.375050758943,543.782000213862,84.2720286212862,0.052866370417178,0.089651446789503,0.007342882454395,0.010953383520246,0.009304214268923,0.007540218532085,0.642578443447901,1.13665899035922,1.68354385665961,0.0841473788023,0.166731923818588,0.048315994441509,0.613849878311157,0.17343108355999,0.06176669895649,0.055323767679511,0.094524341868237,0.014714557706611,0.115586739308891,0.099393529558374,0.01540340497556,0.062113864347339,0.098844323307276,0.014729768037796,0.02818132378161,0.059079125523567,0,0.016053622588515,0.054804224520922,0,0.010254236845115,0.018073345659929,0.010135800004316,0.137819193452011,0.015034384781799,0.01056082019904,0.077212935313583,0.108322875574231,0.022387385368347,291.957435486757,292.051220057991,290.447901727462,123.743384533731,122.423138502046,122.008482498645,0,0,0,291.430634253336,123.37543410711,0,291,321,281,117,100,114,0,0,0,11,11
"O04",3,12,0,12.5004992987961,18.9944292455912,3.90932833775878,441.442805224098,490.181520085782,81.1045368500054,0.049711869098246,0.080084197223187,0.006992532871664,0.010510746389628,0.01813243702054,0.008643345907331,1.91010129358625,1.9050979664516,1.63207830108378,0.085239127278328,0.130791664123535,0.053949546068907,0.535630643367767,0.16728900372982,0.067301571369171,0.053881462494811,0.081872539851686,0.016850553179995,0.089018512850191,0.098846848172168,0.016355018521881,0.059705033898354,0.097089163959026,0.015515103936195,0.017765492200852,0.044719122350216,0,0.015351629815996,0.037809193134308,0,0.010917259833486,0.014301400423267,0.011624350701086,0.095375894020614,0.023355588247677,0.011761301441558,0.071533257141709,0.116760235279799,0.024309884756804,232.21847294692,231.781608034634,229.608400701528,131.393258466079,131.054485853199,131.62225778269,0,0,0,230.829804396048,132.704779189353,0,239,243,207,127,115,140,0,0,0,12,12
"O04",3,13,1,11.6283840872347,22.4978245273232,2.14240862429142,519.821008764207,451.324164871126,43.4805310592055,0.050668685697019,0.098797261714935,0.003317080438137,0.015318989753723,0.013211507350206,0.006635591387749,6.31074704984236,0.807615061265497,1.32746825756309,0.081095784902573,0.177459210157394,0.036910161376,0.509969353675842,0.180451601743698,0.062451109290123,0.054085507382487,0.104641044313131,0.009964691275774,0.130183072568046,0.11302884169074,0.010889188845281,0.061566298827529,0.110787454992533,0.009845141321421,0.023387055844069,0.06415968388319,0,0.023061079904437,0.057400863617659,0,0.011084512029215,0.024167519103831,0.00811348194884,0.134128092862093,0.02076557808725,0.008954657056463,0.130654562264681,0.125581480562687,0.0166677813977,395.89536211095,399.321199253051,398.143163421723,140.103259973653,146.123319020575,144.561737997717,0,0,0,398.573754069622,145.817430503381,0,400,412,395,137,146,146,0,0,0,13,13
"O04",3,14,13,11.4647636730224,21.0569912642241,3.35258899629116,416.572789608501,618.31808847189,76.481166370213,0.050951283425093,0.104239210486412,0.005317352712154,0.011764705181122,0.036292403936386,0.011013776063919,3.30133337748109,1.91940505508717,1.02237729103282,0.082352943718433,0.175562247633934,0.060992047190666,0.592156887054443,0.289412498474121,0.077118903398514,0.054594112728678,0.100271386972496,0.015964709506148,0.096832354627732,0.143728054038096,0.017778048900561,0.0588235296309,0.147641450166702,0.016111955046654,0.019508151337504,0.047928337007761,0,0.011764706112444,0.045419592410326,0,0.012382143263779,0.02687959022509,0.012537768641201,0.111454020170372,0.04594521459566,0.014445285312411,0.074054323136807,0.178932927548885,0.027275811880827,114.097840308479,113.095163774298,112.790177656068,172.411428023866,170.905652802353,169.012794692436,0,0,0,113.80660158066,169.122966062297,0,108,117,115,172,172,172,0,0,0,14,14
"O04",3,15,0,10.5113599002361,19.3234525471926,2.30825607478619,356.794844035059,350.046715792269,43.0787359923124,0.050560038536787,0.092475585639477,0.005401488393545,0.010073445737362,0.007467359304428,0.00641830265522,1.58563600816531,0.291346691617683,1.00028301252548,0.083743676543236,0.138006716966629,0.040432967245579,0.482860922813415,0.141576007008553,0.051459550857544,0.053357156853991,0.098088591610115,0.01171703591262,0.10202883729913,0.100099146637766,0.012318769228571,0.059036435559392,0.099912263453007,0.012049611657858,0.030485186725855,0.067404009401798,0,0.021353239193559,0.060339611023665,0,0.00985257106446,0.013286960258988,0.008444304189607,0.109559160048113,0.011112079163419,0.008551965925245,0.073797488585115,0.107443902641535,0.018221583217383,342.654265463636,344.148705700205,343.01968510093,182.105743352099,180.993200311781,180.924274072896,0,0,0,343.97340577638,181.225907921075,0,340,332,307,184,168,168,0,0,0,15,15
"O04",3,16,1,9.07782153598964,17.0212055146694,1.75986783578992,349.455076303333,326.035519011319,39.0333213545382,0.047426791861653,0.0781504586339,0.003352653235197,0.010248877108097,0.007715858519077,0.006295956671238,2.75570139007418,0.762657436209734,0.645594260958422,0.091010428965092,0.189734980463982,0.035343363881111,0.422551572322846,0.189734980463982,0.044733799993992,0.049069305599944,0.09200651629551,0.009512799112378,0.093387246473365,0.087128679586135,0.01043113879063,0.055800873786211,0.085600271821022,0.009565383195877,0.020525703206658,0.053872793912888,0,0.014774469658733,0.047892291098833,0,0.009830888500228,0.027790251343471,0.00873200705573,0.093295580336084,0.014437903682889,0.007896428563545,0.069895397871733,0.09383213147521,0.015897776931524,443.320858464418,441.552937492251,441.342145987305,191.861673290809,188.927203200033,190.264059494296,0,0,0,441.629609834313,189.685996793159,0,455,459,451,191,156,222,0,0,0,16,16
"O04",3,17,0,10.1946889385581,18.3291502259672,3.01360154151916,330.482690262608,346.441010029986,60.4601779319346,0.049823279492557,0.089149206876755,0.007685279473662,0.011689627543092,0.014284748584032,0.009513733908534,3.10840131820636,2.35056084435625,0.893546564693957,0.089630208909512,0.16279599070549,0.056417979300022,0.513436853885651,0.18829932808876,0.082339785993099,0.05228045609517,0.093995642184447,0.015454366879586,0.097862804341904,0.10258839503405,0.017903517302912,0.059747898951173,0.104064755141735,0.016881575807929,0.026933908462525,0.020448483526707,0,0.01163630373776,0.020448483526707,0,0.011316116449097,0.028277824947352,0.012542000355377,0.1024079073576,0.022308000128128,0.01304078676304,0.075214821845293,0.11783947236836,0.026594338938594,76.0489257970679,75.6372580088777,72.4172334720817,207.640424246002,206.491490680237,206.240860477546,0,0,0,73.3082617708025,206.173822919751,0,74,75,75,210,203,203,0,0,0,17,17
"O04",3,18,0,11.7327379435301,19.3840852379799,3.55577480047941,439.218728108332,473.215361315757,81.5697873607278,0.04764208663255,0.078313931822777,0.006963912397623,0.009928051382303,0.012562867254019,0.008069682866335,1.45523883222496,0.848892063833151,0.650463882495542,0.082158587872982,0.146764010190964,0.047360293567181,0.446231216192246,0.146764010190964,0.060105457901955,0.051459376945307,0.085017917710438,0.015595503510875,0.084319202938824,0.090845721120322,0.015659394770729,0.055825632065535,0.090735379606485,0.015101887285709,0.019432544708252,0.045084413141012,0,0,0.029982268810272,0,0.011639817948936,0.018864834148195,0.01075539840491,0.086768759734041,0.01739029302857,0.01077258438635,0.068403616547585,0.103408126160502,0.023053767159581,173.248832844825,174.751572725117,174.508974138983,210.604699893536,210.736859738376,210.865871445448,0,0,0,174.391629871376,211.505663275101,0,178,153,163,211,181,217,0,0,0,18,18
"O04",3,19,0,7.6885129660368,14.1858642883599,1.54202233999968,311.007421866059,287.833929542452,35.1285375282168,0.045947657898069,0.079828638583422,0.004669105634093,0.010199571028352,0.008709829300642,0.006234295666218,2.49170866521104,1.03645691053627,0.139626352075999,0.080984078347683,0.152401596307755,0.031196638941765,0.504042088985443,0.163992553949356,0.047392912209034,0.050251718732267,0.092718067244182,0.010078577385619,0.096496252518169,0.089306214564832,0.010899329050021,0.054016768932343,0.088479917496443,0.009917940944433,0.020829055458307,0.054220024496317,0,0.009398283436894,0.051494281738997,0,0.01006884024401,0.022465794843618,0.007865147556945,0.111497866112116,0.014065125625425,0.008120812545136,0.066943468526006,0.097226245328784,0.016209254041314,483.726660274365,485.951275850769,484.824388561328,215.734563963878,217.822269464443,218.02421370082,0,0,0,484.919640086876,217.922122246354,0,481,503,498,218,244,197,0,0,0,19,19
"O04",3,20,0,10.3065665680915,16.8345834948123,2.00491685420275,341.917372663505,295.769948318601,37.8481314256787,0.050302276387811,0.082317873835564,0.005083868280053,0.012495638802648,0.00777655467391,0.006038144230843,2.96775525695754,0.755698748627864,0.722268091083971,0.087179727852345,0.121576026082039,0.036430388689041,0.505376875400543,0.140151605010033,0.043989948928356,0.052317596792343,0.085454738552347,0.010177242914735,0.105237726273778,0.091034148451401,0.011649163258135,0.05995924398303,0.089689087122679,0.011359598487616,0.020460806787014,0.05622623115778,0,0.01343544665724,0.054723858833313,0,0.010628273219713,0.011271555379096,0.008094630863418,0.114904934508923,0.012708519495014,0.008184519384557,0.078088043257594,0.098089503124356,0.01705495081842,324.171655657075,321.396009444704,320.714061630913,218.520227282871,217.186202873028,217.460915459915,0,0,0,321.263157894737,217.930132348415,0,318,323,338,210,204,220,0,0,0,20,20
"O04",3,21,0,7.7192579973489,11.9325697105378,2.85642804205418,319.760747823631,317.40717372112,72.6329209003598,0.043096208944917,0.067960238084197,0.008157510310411,0.010755278170109,0.011004205793142,0.009272530674934,0.879602436034937,0.172213795426168,1.31942553620481,0.073172993957996,0.114529527723789,0.048654336482287,0.337552666664124,0.147817149758339,0.067969910800457,0.045407399984405,0.070191586532575,0.016802517894436,0.079720954331496,0.079134174450541,0.018108432036988,0.053009413182736,0.079078435897827,0.017377644777298,0.017742600291967,0.030211625620723,0,0.003843442769721,0.021782631054521,0,0.009797282354594,0.015244980831683,0.012300861331648,0.071749532155389,0.01631106274757,0.012745886713834,0.066683240234852,0.089929075911641,0.026784224435687,27.0342913512126,27.8055108757629,27.2452314103938,233.047970038183,233.706377955452,232.32606159627,0,0,0,27.7638992769883,233.539267015707,0,26,15,15,229,211,211,0,0,0,21,21
"O04",3,22,0,10.4950813632458,17.6278768405318,2.13831095770001,553.582819886506,396.17780072242,44.1894204951823,0.049236777238548,0.082321794703603,0.003397937864065,0.010529633611441,0.009927626699209,0.006341513246298,2.13137686227126,0.697765914377413,0.355292394087847,0.072532877326012,0.109478995203972,0.027790181338787,0.793836712837219,0.176618650555611,0.044771157205105,0.049976577920218,0.083942270669199,0.010182433131905,0.130777892720649,0.093592676759372,0.010439267775852,0.057090850546956,0.091978069394827,0.009736858308315,0.015475351363421,0.059137608855963,0,0.015475351363421,0.046380270272493,0,0.009197723937831,0.011035656055297,0.006709617383277,0.189769553998253,0.016903907895412,0.007854637286481,0.074455978348851,0.102373572066426,0.016077486798167,403.35170473988,402.247070890833,402.634439888638,238.884926689179,236.974203681894,236.588696651176,0,0,0,402.922041105599,236.797306874557,0,407,394,402,241,224,228,0,0,0,22,22
"O04",3,23,0,10.6847603395581,18.104383956641,3.15508133545518,384.233857837738,440.097301017493,71.6315777562559,0.045008415356279,0.083301058039069,0.006994443014264,0.010197263211012,0.017035346478224,0.008761793375015,3.0173507420173,1.89785413594329,0.386141615018704,0.080255635082722,0.144794464111328,0.045960634946823,0.486959457397461,0.19875293970108,0.079163730144501,0.049012662108065,0.083047632828628,0.014472850162639,0.087664580843655,0.100410061833788,0.016343047628623,0.053817654028535,0.100010234862566,0.015704810619354,0.020972557365894,0.038592834025622,0,0.00351712317206,0.038592834025622,0,0.010436653455828,0.019233910327942,0.011294818751314,0.101000458936817,0.023063216964167,0.011722878333245,0.066423418000341,0.117202412337065,0.024557651020587,102.373398217309,101.952809263291,103.310781639228,251.398215962181,253.063104792576,253.857116041416,0,0,0,103.463609399954,254.211727127538,0,104,93,93,244,242,242,0,0,0,23,23
"O04",3,24,0,10.7056542597711,17.7696124203503,2.31177228689194,398.797414722852,395.277385566384,48.3033116497099,0.048394883982837,0.085094695910812,0.004960818216205,0.010709546506405,0.009086940437555,0.006239976733923,2.875692384364,0.579724434262773,0.80311674474263,0.083512037992478,0.111479185521603,0.032061990350485,0.61388885974884,0.159140229225159,0.04119461029768,0.051718136520633,0.085843538262562,0.01116798206228,0.096584503444624,0.095731989723028,0.011698549685084,0.058109275996685,0.093241322785616,0.011208493262529,0.0243563298136,0.060451615601778,0,0.013883373700082,0.056114010512829,0,0.010437673943253,0.00961126956788,0.008163230620824,0.119455390411588,0.015355053471124,0.008466511734569,0.07183988019824,0.103899411857128,0.017434338107705,283.987451212016,281.341114465804,281.231771093332,257.420185807666,256.554965202396,255.234184751441,0,0,0,281.489949140228,255.994671833374,0,289,280,281,261,258,233,0,0,0,24,24
"O04",3,25,0,9.57228489033878,16.1337179839611,2.14686591923237,324.031531916931,278.771563015878,34.3237177580595,0.050611324608326,0.08487118780613,0.004906088113785,0.011811211705208,0.006522692739964,0.006359994411469,1.63165104591327,0.218991050994252,0.72271773517678,0.072709582746029,0.10934054851532,0.032595366239548,0.468424588441849,0.132656186819077,0.048493668437004,0.052307567706769,0.088162393354979,0.011731507755368,0.106729753595827,0.091821990453188,0.011305572384078,0.059909980744124,0.092119909822941,0.011337392032147,0.028840629383922,0.061893463134766,0,0.025223191827536,0.060172915458679,0,0.009106778953555,0.009293018795828,0.007924919844059,0.11253284061416,0.009654059062869,0.007923666021259,0.076009295880795,0.098094590008259,0.016346588730812,357.774591019282,356.529947027862,357.112025161357,264.478340821837,265.191155094271,265.196882910798,0,0,0,356.411725955204,265.375494071146,0,365,369,369,269,247,247,0,0,0,25,25
"O04",3,26,0,10.5570311974734,18.8320754021406,2.47795414179564,363.219606420957,348.187716558576,45.6338791251183,0.047293227165938,0.083203062415123,0.00508569739759,0.010480148717761,0.009812626987696,0.006514545530081,0.712476179158035,0.532538479326612,0.353731705265955,0.084111854434013,0.119630940258503,0.042887523770332,0.520267367362976,0.14059291779995,0.045073449611664,0.049563526748702,0.088413499540566,0.011633587520167,0.097195506133518,0.093173057682252,0.012211367172898,0.056321626529098,0.093160331249237,0.011692944914103,0.018814710900188,0.053690016269684,0,0.012724261730909,0.047170978039503,0,0.009481893649964,0.012755291639366,0.008533172133884,0.115428003704725,0.014205194397641,0.008471640333843,0.067829836159945,0.102895637974143,0.018127636983991,452.460144381806,452.533571664236,452.603264676262,274.901017903796,275.895472750914,275.714741730127,0,0,0,452.870751940059,275.483275354562,0,457,460,460,272,284,284,0,0,0,26,26
"O04",3,27,0,7.00403203535825,11.9451584108174,2.72938326001167,423.712071051821,400.843231717125,73.5043234489858,0.042376387864351,0.074221309274435,0.007389756850898,0.010410405695438,0.014793984591961,0.008683353662491,3.47742724753075,1.07270721851347,0.326106122465344,0.068236507475376,0.12215767800808,0.046656612306833,0.590515434741974,0.197705581784248,0.077535599470139,0.043503304567443,0.074193530501971,0.016952691055973,0.096232584840296,0.091038662665711,0.01669414568453,0.051297539845109,0.087379939854145,0.01568765193224,0.01353229302913,0.042814347893,0,0.010535649955273,0.029878718778491,0,0.010054071526088,0.013028211924298,0.010761862208892,0.123657721212519,0.02379345125861,0.012316098310349,0.066294062882662,0.105071624740958,0.024786956608296,23.1001818188338,25.4955523408859,26.1100869249095,305.564513024441,307.831322472565,306.75996659746,0,0,0,26.2400635930048,307.059050647286,0,26,24,20,316,327,307,0,0,0,27,27
"O04",3,28,0,11.0575670916587,19.7350038588047,2.49001789838076,524.118735335767,392.8390744403,48.5691949538887,0.050624569877982,0.085196668282151,0.004986481741071,0.011403609067202,0.008123341947794,0.006362337619066,1.67042329263818,0.213394119372347,0.329073405249341,0.073963761329651,0.113553792238235,0.033888332545757,0.655546724796295,0.140029639005661,0.04351968318224,0.050261668598449,0.089704562994567,0.011318263174458,0.124938911879801,0.093644594622241,0.011577877223811,0.058292087167502,0.093332387506962,0.011485747992992,0.019395675510168,0.064626045525074,0,0.015853120014072,0.059038132429123,0,0.01021454306591,0.009633984431891,0.008124297625939,0.163027158073141,0.01215253344664,0.00817115843356,0.076159436255694,0.101444395259023,0.016811074689031,309.116187441983,310.232216956718,309.789277007034,314.823442735455,316.094541657426,316.008483265909,0,0,0,310.051251489869,316.207628128725,0,305,305,298,315,333,317,0,0,0,28,28
"O04",3,29,11,12.1825131848454,20.8553926460445,2.47086255997419,605.737275823951,559.689034130424,53.5054518133402,0.048648251220584,0.088011406362057,0.00326969102025,0.01290488243103,0.021745771169663,0.006602823734283,3.0784711065629,1.67380496505209,0.297491941177979,0.082230322062969,0.114177823066711,0.034248672425747,0.755888640880585,0.203745439648628,0.069586232304573,0.050340963573742,0.086179308454729,0.010210175867662,0.121390235636062,0.112162131088261,0.010722535433535,0.058418352156878,0.105893924832344,0.009888932108879,0.02214221842587,0.055163688957691,0,0.012894507497549,0.048228278756142,0,0.009440141741139,0.010455607414953,0.007807514927248,0.165527618803474,0.029639947650608,0.009111649817181,0.079456102102995,0.13460211455822,0.016468118876219,380.002814883767,380.755669291615,382.280274514036,314.920120502826,316.149005716265,317.390478451634,0,0,0,382.020841683367,317.244889779559,0,379,359,387,316,319,313,0,0,0,29,29
"O04",3,30,0,11.1214107275009,18.707513269037,2.89102207869291,543.848351004068,440.575880385935,57.0860024653375,0.046201966702938,0.080390002578497,0.005212068557739,0.010842531919479,0.009425759315491,0.005927450954914,3.7193581056384,1.06196459492962,0.397134532214704,0.080326832830906,0.114059209823608,0.038994524627924,0.661401093006134,0.160619467496872,0.078284785151482,0.048992998799564,0.082411952727035,0.012735780082348,0.111125531467934,0.090023678051887,0.011664487630841,0.055689282715321,0.089660808444023,0.011009313166142,0.019047096371651,0.050374247133732,0,0.006474439520389,0.04369930177927,0,0.010209493832984,0.010583876005791,0.008816760298802,0.146626672271038,0.013602392782145,0.008413980278327,0.070554353296757,0.099265027791262,0.017180975526571,250.290765170747,248.19688070183,246.765654486362,333.696874914302,331.924198273145,331.661279304481,0,0,0,247.162035145076,331.685737637924,0,254,243,243,336,348,348,0,0,0,30,30
"O04",3,31,4,9.77116263471544,17.0845377631485,2.89219904690981,398.884806331247,384.719334568828,53.5954956002533,0.043459022417665,0.076526757329702,0.004488609731197,0.01007691770792,0.018163248896599,0.008349932730198,4.67826258035304,3.00833338586736,0.36437636420876,0.079216495156288,0.115815885365009,0.041596971452236,0.712238073348999,0.253596216440201,0.074445620179176,0.046529345879597,0.081354941729279,0.013772376413856,0.103930382056083,0.100239534801675,0.013964433454991,0.052815362811089,0.092162072658539,0.012812495231629,0.020287470892072,0.044942405074835,0,0.016797551885247,0.040242403745651,0,0.009992927025101,0.01539422808115,0.009659040515616,0.15204124525584,0.034733088323981,0.011111926142873,0.06668670848012,0.114704865962267,0.021188333630562,136.578935467012,136.017442447476,137.341252156091,333.392839601671,331.465606341552,328.421474951825,0,0,0,137.380406461699,328.783741532048,0,134,132,138,328,342,352,0,0,0,31,31
"O04",3,32,0,10.9492199085653,20.2727252691984,2.51266311109066,595.854128640145,533.891674015671,57.6305330432952,0.052167274057865,0.094362325966358,0.005011394619942,0.010213360190392,0.01098919659853,0.006633564829826,2.15446375033291,0.269226668184838,0.974627934238216,0.078123614192009,0.130029916763306,0.035636462271214,0.634801983833313,0.165509477257729,0.049737595021725,0.050225779397089,0.092994152611002,0.01152597757381,0.118037664152168,0.105763009908017,0.011416508130605,0.059369284659624,0.104127019643784,0.010303184390068,0.019850503653288,0.057964578270912,0,0.01958717033267,0.057964578270912,0,0.01010739105582,0.012993345460991,0.008227770224636,0.145397709097923,0.01655390291234,0.008562436829975,0.075812734663487,0.116555266082287,0.017007179558277,465.72385255192,463.986293739971,464.666267615016,337.880966910902,338.616086986634,338.41162803047,0,0,0,463.751386687797,338.747622820919,0,469,473,489,335,324,337,0,0,0,32,32
"O04",3,33,0,11.1376490183175,20.1608758121729,3.41535383835435,580.004565273412,501.537709906697,85.2452242150903,0.046534471213818,0.080463834106922,0.006837053224444,0.012288123369217,0.011302381753922,0.008126255124807,2.22387385246727,0.459307531614217,0.488558656030846,0.071981146931648,0.128591269254684,0.048394329845905,0.487219363451004,0.170234695076942,0.08343792706728,0.046214311279326,0.083655086357564,0.014171592690267,0.106677315665516,0.092245302539396,0.015678724336048,0.05619015917182,0.091657184064388,0.01475527510047,0.019893294200301,0.045356437563896,0,0.01006808783859,0.041709560900927,0,0.00953456436549,0.016307382921628,0.010695788607457,0.112055363668331,0.016313307892569,0.011167219574053,0.076956460252404,0.103130705654621,0.023304203525186,87.1021621565475,85.4792951691624,84.6701438144535,354.118369501942,352.762752702551,353.206741167396,0,0,0,85.1397829685488,353.072098583778,0,84,106,106,357,355,355,0,0,0,33,33
"O04",3,34,0,11.2327562849969,20.7227679044008,2.67011518776417,396.974355699494,428.237372647971,48.9195505902171,0.047646123915911,0.091639421880245,0.00499165430665,0.009460184723139,0.009843081235886,0.006533525884151,2.38721298126641,0.544640512240462,0.303155942593994,0.075881600379944,0.129272952675819,0.032361693680287,0.50736391544342,0.196930900216103,0.106185495853424,0.049702461438039,0.091693663293809,0.011814668972408,0.094924523122787,0.102400136931605,0.011697644808756,0.056640066206455,0.101283296942711,0.011541053652763,0.019310669973493,0.063316822052002,0,0.009444162249565,0.060133665800095,0,0.008785261425814,0.010575124392318,0.007990792500918,0.110910320115429,0.014871002967717,0.008832520616149,0.067042149603367,0.111524801701307,0.016864255070686,341.26224727689,342.974591348354,343.257275531871,377.777511466634,376.988968242301,376.846760603435,0,0,0,343.519129603061,376.999521759923,0,337,334,334,373,400,400,0,0,0,34,34
"O04",3,35,0,9.86481231637299,16.8556441776454,2.90351152047515,365.979721540352,312.194174014032,48.8694820962846,0.046251489780843,0.079746166244149,0.006076877936721,0.01008178666234,0.009165655821562,0.007372606545687,2.24953222887549,0.88087792404116,1.03008893236375,0.085533678531647,0.121186792850494,0.041308857500553,0.45601150393486,0.148986995220184,0.062802016735077,0.049822284426126,0.085129516048714,0.014664199598359,0.104356920884047,0.089020294842895,0.013934839491384,0.056022359058261,0.088910065591335,0.013635285198689,0.029514726251364,0.054627221077681,0,0.003295614151284,0.041817542165518,0,0.010317874532768,0.012727105331373,0.009750308453594,0.111007729536767,0.013748805859343,0.009763336246465,0.075546965003014,0.098075626417995,0.020580720156431,169.199592733002,169.165254691488,169.567377120451,380.434261405483,378.848597204607,379.271047640261,0,0,0,169.834901625321,378.27630453379,0,170,175,175,378,375,375,0,0,0,35,35
"O04",3,36,2,11.2548725288361,21.6952079609036,2.8723915964365,545.330190328881,520.304061032832,53.1393728330731,0.047235649079084,0.092738959938288,0.003561040386558,0.012265557423234,0.017023995518684,0.007016696035862,2.65765411022108,0.746646380238941,0.541375519075757,0.070419348776341,0.120796360075474,0.043181717395783,0.713068962097168,0.20394304394722,0.05072820186615,0.047690137834051,0.091928847291965,0.012171150832358,0.11836991324699,0.112937716742529,0.011534485095089,0.056780958548188,0.106833264231682,0.010618109256029,0.018834251910448,0.061686679720879,0,0.012595393694937,0.054445069283247,0,0.009530206095002,0.011435836623111,0.008747412191617,0.16301046026955,0.026262844414821,0.009286348815337,0.073187746107578,0.130495201796293,0.017541257664561,274.463573180684,273.561486087,274.383369869962,394.039892509451,395.960245340372,396.842901051585,0,0,0,273.88408942913,396.633601041893,0,275,261,285,394,394,411,0,0,0,36,36
"O04",3,37,7,8.23661762103438,14.9106275998056,1.44705123454332,378.821714192629,437.937782455236,43.7343333400786,0.043446663767099,0.084780842065811,0.003339901566505,0.00963369756937,0.012567825615406,0.006739184260368,3.18880748720717,1.21943179399797,1.06943051168449,0.117084503173828,0.158203840255737,0.035546891391277,0.836442530155182,0.379875034093857,0.213240846991539,0.051478860131465,0.093191422498785,0.009044070215896,0.096343264036783,0.111377869393498,0.01112266870297,0.052798137068749,0.095962546765804,0.01009838283062,0.023141037672758,0.061239141970873,0,0.006712617352605,0.053946919739246,0,0.013412421613561,0.020962400244788,0.008004820881245,0.14339422101678,0.047694221935794,0.011802922232733,0.063111342489719,0.112662427127361,0.01677667349577,485.864776073815,484.405172862632,484.308551759159,397.051296320166,398.48904327138,399.010853614359,0,0,0,483.247965412004,398.873601220753,0,489,483,500,396,396,416,0,0,0,37,37
"O04",3,38,4,9.1101634465158,16.7771389838308,3.61374558508396,512.126294398913,484.558731852099,85.3883793875575,0.043824401684105,0.079150205478072,0.007187183946371,0.010583175346255,0.015295594930649,0.008899465203285,1.67641819483756,0.984813020499105,0.41903562667867,0.074860043823719,0.1319300532341,0.060904383659363,0.614141047000885,0.229868799448013,0.120334483683109,0.044010451432444,0.081048980598217,0.017457708140502,0.101956260083399,0.096467993599861,0.016999478277435,0.052323546260595,0.093557339161635,0.015633668750525,0.014057978987694,0.023307086899877,0,0.003425418166444,0.023307086899877,0,0.010265525243289,0.016241476337667,0.012738367057543,0.132406072660357,0.024778673449022,0.013025919815689,0.066249046474695,0.110167175531387,0.025298926047981,44.1314925883358,43.23893534322,42.3206626167047,403.322870685323,401.619358039438,402.273985004281,0,0,0,42.7029663547681,402.445550467848,0,37,52,52,398,410,410,0,0,0,38,38
"O04",3,39,0,11.8441569143906,20.6598357185721,3.42927476018667,369.659595929086,411.710470180959,62.7846028879285,0.045354977250099,0.080324476584792,0.006062330678105,0.008981093764305,0.008682385087013,0.006954565644264,2.3649242870731,0.938951591068483,0.491438912141565,0.076874636113644,0.119616195559502,0.041981428861618,0.330789357423782,0.136088132858276,0.054656401276589,0.048343497609758,0.084325860075805,0.013997039837497,0.08009958741692,0.089211369486665,0.013604464331079,0.053817475214601,0.088673133403063,0.013021547347307,0.012959635816515,0.053787916898728,0,0.006435786373913,0.046024151146412,0,0.009920407275281,0.01191613746198,0.009796882217687,0.071588568379798,0.012903370313503,0.00942003554965,0.067611023783684,0.097719546407461,0.019951291382313,210.298444723785,211.543812742048,211.277396577377,406.139550810987,407.193447161445,407.738975800802,0,0,0,211.572481040087,408.13196099675,0,211,204,209,387,371,357,0,0,0,39,39
"O04",3,40,1,11.2336913482286,20.7370889298618,2.95262550935149,665.513655234594,754.891685374081,66.0296523794532,0.044821817427874,0.086818061769009,0.001701150089502,0.00983501970768,0.015420138835907,0.006787471473217,0.372376652778265,0.470968988190991,0.398743777195914,0.073356620967388,0.111569233238697,0.033257588744164,0.825973331928253,0.32637694478035,0.064893782138825,0.045115226298107,0.083281481646031,0.011857933772496,0.111401683166152,0.126362853259806,0.011052837693246,0.052186883985996,0.097883187234402,0.009956523776054,0.003296334762126,0.051239237189293,0,0.003296334762126,0.044622160494328,0,0.009103960312395,0.011114487585826,0.008173738695182,0.166953229801726,0.06150000076031,0.0100542927404,0.068363819271326,0.152869708836079,0.01664911583066,415.236004202003,415.513357924256,415.211106757774,418.694408686776,417.945962869318,418.124543773896,0,0,0,415.483260796786,418.415969199866,0,420,427,418,419,415,403,0,0,0,40,40
"O04",3,41,0,10.7492776960135,18.9162025749683,2.48758061230183,387.367095379159,365.787907578051,44.3255022466183,0.044559928588569,0.0815888941288,0.00496025942266,0.009622450917959,0.009984411299229,0.006193965673447,0.267979172069336,0.954368932672868,0.393977593235362,0.072664551436901,0.107923954725266,0.032759625464678,0.649049580097199,0.151384234428406,0.045655660331249,0.047774567537838,0.084072011444304,0.011055913832453,0.098291574569693,0.092816013087554,0.011247272835985,0.053623540326953,0.090374123305082,0.010432615876198,0.025350168347359,0.054311834275723,0,0.012756858952344,0.05066354200244,0,0.009237304660188,0.009680185572847,0.008094008312564,0.131850165475697,0.015991558208645,0.008158521962615,0.066174857318401,0.10170185752213,0.016714559867978,340.956727623417,340.508728694648,340.82617468703,432.494560686356,431.954994537031,432.477871716153,0,0,0,341.193859426542,432.619385942654,0,346,327,347,438,424,458,0,0,0,41,41
"O04",3,42,0,11.2167643690482,20.4333916567266,3.41092485189438,487.051927404478,384.112505994737,62.7106572538614,0.046551860868931,0.077952101826668,0.006422765552998,0.012512665241957,0.00999078899622,0.007268764078617,2.6288179377275,1.7674402308237,0.794247229444647,0.079670064151287,0.157399743795395,0.047505371272564,0.593099713325501,0.157399743795395,0.058677949011326,0.050299391789454,0.091629558998774,0.01529562713854,0.112431192844986,0.088668630192691,0.014476144333763,0.056599646806717,0.087292723357678,0.013457208871842,0.013206363655627,0.059968173503876,0,0.013206363655627,0.035245817154646,0,0.011477902432085,0.018647438121206,0.010760398617224,0.134544460109179,0.015455266321689,0.010354874234138,0.074545212090015,0.098265051841736,0.021384827792645,140.662490353275,140.56687196308,139.266877090774,427.239844233229,426.349421019581,424.16981334163,0,0,0,139.803554939982,424.755309325946,0,138,135,147,430,454,441,0,0,0,42,42
"O04",3,43,0,8.44030292332172,14.4250636957586,3.12494432553649,366.96475589904,415.311308007687,78.2544342428446,0.042339174076915,0.075624715536833,0.007478039711714,0.010022785514593,0.014755830168724,0.00913692265749,2.07228767408641,1.67267182355783,0.80165425269226,0.093389421701431,0.129005014896393,0.051986992359161,0.452237695455551,0.170155942440033,0.080810651183128,0.044657687424983,0.076323088337347,0.016534096960511,0.080158312778296,0.090718940150216,0.017093585461521,0.051363322883844,0.090025812387467,0.016794048249722,0.011270688846707,0.040905319154263,0,0.003672782098874,0.025528855621815,0,0.011351897489285,0.01646572012344,0.011539199450728,0.085494252192661,0.02058152059704,0.012229048378368,0.063889287412167,0.105219166725874,0.025361452251673,32.9964489190126,31.2267993915761,31.6642326501023,464.521113457422,465.351217356179,466.754547555226,0,0,0,32.4290083005679,466.514198339887,0,40,28,28,459,469,469,0,0,0,43,43
"O04",3,44,6,9.43038481660187,17.0418546684086,3.16227598115802,324.253405563533,406.103834591806,56.776380892843,0.041497565805912,0.081144001334906,0.004805028438568,0.01104560866952,0.019169397652149,0.008979916572571,2.10255439508728,1.07347551701132,1.01071872687383,0.080886125564575,0.110535487532616,0.049199603497982,0.448821574449539,0.20269401371479,0.060652285814285,0.044906594364771,0.081151688897184,0.015058457053134,0.084047020623,0.105262787608037,0.014716532113231,0.050215359777212,0.094770953059197,0.013872861862183,0.017718844115734,0.045777790248394,0,0,0.043123356997967,0,0.010670522802094,0.011892666887477,0.011007565873535,0.091360851601347,0.031451223777241,0.011520385043487,0.065559081733227,0.130419284105301,0.022552330046892,94.9368664383516,94.1947722776285,92.2900345589909,463.298864374834,464.181398609976,464.937785195182,0,0,0,93.1428201140487,464.395282529808,0,94,99,87,473,481,433,0,0,0,44,44
"O04",3,45,1,9.20268227206543,17.2651382125914,2.41010692343116,536.886120688636,562.218169655651,64.7281693704426,0.044717667624354,0.093752969056368,0.005289206281304,0.010111158713698,0.016991104930639,0.00719290599227,3.07907520297656,1.95962286809014,0.798010760316665,0.069047875702381,0.115522943437099,0.038492437452078,0.642559766769409,0.21004019677639,0.061459302902222,0.045557833030027,0.085470981250453,0.011931222393224,0.106335139768001,0.111352380601238,0.01281999789472,0.053662708029151,0.110544826835394,0.01189199835062,0.006196493748575,0.055329166352749,0,0.006196493748575,0.047926042228937,0,0.009082052870287,0.012016375249511,0.009358783652004,0.146741569464374,0.022916326535613,0.009638262182341,0.066174698993564,0.12763899192214,0.019243739545345,256.156902064178,253.339006734368,252.574026729474,473.21060407783,473.963724834062,472.276784309485,0,0,0,253.324024559319,472.004159239453,0,251,250,250,474,488,488,0,0,0,45,45
"O04",3,46,0,8.1391708496958,15.0058955401182,2.4080690741539,294.957635401748,306.37929167971,45.7290826886892,0.048024587333202,0.086584087461233,0.00646636262536,0.012584425508976,0.013121351599693,0.008354276418686,2.08637260738162,1.56526908724524,0.317979206223678,0.095290757715702,0.153209418058395,0.043392084538937,0.415759891271591,0.166359052062035,0.062087081372738,0.051513739555037,0.094974022405812,0.015240943507303,0.096454426226863,0.100189434820049,0.01495391847243,0.058214116841555,0.099952213466168,0.013824045658112,0.024082260206342,0.052406940609217,0,0.010459185577929,0.045841317623854,0,0.011770618612898,0.020286028478628,0.010573818069146,0.097893798648944,0.019656246601791,0.011027876172161,0.073196977376938,0.112838912755251,0.022462278604508,144.534680473931,145.277444064163,144.896346090163,482.443755840337,483.022132547697,484.209779742339,0,0,0,144.800850228908,484.513080444735,0,147,138,140,489,463,465,0,0,0,46,46
"O04",3,47,0,7.60048988461494,13.3555544316769,1.93104264140129,471.905253580771,313.183495886624,39.2181986570358,0.046869538724423,0.080626334995031,0.005071260035038,0.013046287000179,0.009752333164215,0.00612235814333,0.461523956325067,0.830279907918873,0.986676088984325,0.071662805974484,0.10479224473238,0.030791278928518,0.790739178657532,0.155393555760384,0.048860862851143,0.046628772298251,0.081935916758754,0.01184688737056,0.137903347042891,0.091520600785103,0.011460607439227,0.056820571422577,0.089352928102017,0.010757386684418,0.012387108057737,0.056812204420567,0,0.009318551048636,0.050206106156111,0,0.009445420956914,0.009481483136848,0.008118996220922,0.194184838765112,0.015636940126784,0.008340410416348,0.080485161393881,0.10080298781395,0.017166826874018,311.512864533681,311.167587840173,312.58452757175,481.813403599924,481.678032003568,481.317592267274,0,0,0,311.914085330216,482.041496201052,0,315,307,292,478,472,473,0,0,0,47,47
"O04",3,48,0,7.24344158172607,12.6100689098239,1.68714529275894,375.832592579536,386.345259949565,45.55444021523,0.044752135872841,0.079663768410683,0.004899743944407,0.010096408426762,0.014087162911892,0.006500728428364,3.43152218653627,1.4838934372492,0.78108542596399,0.072329692542553,0.115833215415478,0.036764763295651,0.492513746023178,0.172484531998634,0.060208268463612,0.046432317831577,0.080833775062974,0.010815033927942,0.09189060943265,0.09446094375295,0.011138004942599,0.053763061761856,0.095146402716637,0.010116152465344,0.020345335826278,0.055382072925568,0,0,0.042988076806069,0,0.009265852262276,0.010953728400571,0.008530944853393,0.105266309942879,0.018814942312562,0.008485457479861,0.067035231739283,0.107769876718521,0.016642723232508,378.643474444712,380.976176979607,380.719169468068,488.934773764481,488.181128679199,486.173033540681,0,0,0,381.270171149144,486.726650366748,0,366,378,378,491,499,499,0,0,0,48,48
