Label,Dose,Well,ImageNumber,ObjectNumber,Cytoplasm_AreaShape_Area,Cytoplasm_AreaShape_Center_X,Cytoplasm_AreaShape_Center_Y,Cytoplasm_AreaShape_Center_Z,Cytoplasm_AreaShape_Compactness,Cytoplasm_AreaShape_Eccentricity,Cytoplasm_AreaShape_EulerNumber,Cytoplasm_AreaShape_Extent,Cytoplasm_AreaShape_FormFactor,Cytoplasm_AreaShape_MajorAxisLength,Cytoplasm_AreaShape_MaxFeretDiameter,Cytoplasm_AreaShape_MaximumRadius,Cytoplasm_AreaShape_MeanRadius,Cytoplasm_AreaShape_MedianRadius,Cytoplasm_AreaShape_MinFeretDiameter,Cytoplasm_AreaShape_MinorAxisLength,Cytoplasm_AreaShape_Orientation,Cytoplasm_AreaShape_Perimeter,Cytoplasm_AreaShape_Solidity,Cytoplasm_AreaShape_Zernike_0_0,Cytoplasm_AreaShape_Zernike_1_1,Cytoplasm_AreaShape_Zernike_2_0,Cytoplasm_AreaShape_Zernike_2_2,Cytoplasm_AreaShape_Zernike_3_1,Cytoplasm_AreaShape_Zernike_3_3,Cytoplasm_AreaShape_Zernike_4_0,Cytoplasm_AreaShape_Zernike_4_2,Cytoplasm_AreaShape_Zernike_4_4,Cytoplasm_AreaShape_Zernike_5_1,Cytoplasm_AreaShape_Zernike_5_3,Cytoplasm_AreaShape_Zernike_5_5,Cytoplasm_AreaShape_Zernike_6_0,Cytoplasm_AreaShape_Zernike_6_2,Cytoplasm_AreaShape_Zernike_6_4,Cytoplasm_AreaShape_Zernike_6_6,Cytoplasm_AreaShape_Zernike_7_1,Cytoplasm_AreaShape_Zernike_7_3,Cytoplasm_AreaShape_Zernike_7_5,Cytoplasm_AreaShape_Zernike_7_7,Cytoplasm_AreaShape_Zernike_8_0,Cytoplasm_AreaShape_Zernike_8_2,Cytoplasm_AreaShape_Zernike_8_4,Cytoplasm_AreaShape_Zernike_8_6,Cytoplasm_AreaShape_Zernike_8_8,Cytoplasm_AreaShape_Zernike_9_1,Cytoplasm_AreaShape_Zernike_9_3,Cytoplasm_AreaShape_Zernike_9_5,Cytoplasm_AreaShape_Zernike_9_7,Cytoplasm_AreaShape_Zernike_9_9,Cytoplasm_Intensity_IntegratedIntensityEdge_GFP,Cytoplasm_Intensity_IntegratedIntensity_GFP,Cytoplasm_Intensity_LowerQuartileIntensity_GFP,Cytoplasm_Intensity_MADIntensity_GFP,Cytoplasm_Intensity_MassDisplacement_GFP,Cytoplasm_Intensity_MaxIntensityEdge_GFP,Cytoplasm_Intensity_MaxIntensity_GFP,Cytoplasm_Intensity_MeanIntensityEdge_GFP,Cytoplasm_Intensity_MeanIntensity_GFP,Cytoplasm_Intensity_MedianIntensity_GFP,Cytoplasm_Intensity_MinIntensityEdge_GFP,Cytoplasm_Intensity_MinIntensity_GFP,Cytoplasm_Intensity_StdIntensityEdge_GFP,Cytoplasm_Intensity_StdIntensity_GFP,Cytoplasm_Intensity_UpperQuartileIntensity_GFP,Cytoplasm_Location_CenterMassIntensity_X_GFP,Cytoplasm_Location_CenterMassIntensity_Y_GFP,Cytoplasm_Location_CenterMassIntensity_Z_GFP,Cytoplasm_Location_Center_X,Cytoplasm_Location_Center_Y,Cytoplasm_Location_MaxIntensity_X_GFP,Cytoplasm_Location_MaxIntensity_Y_GFP,Cytoplasm_Location_MaxIntensity_Z_GFP,Cytoplasm_Parent_Cells,Cytoplasm_Parent_Nuclei,Nuclei_Number_Object_Number,Nuclei_AreaShape_Area,Nuclei_AreaShape_Center_X,Nuclei_AreaShape_Center_Y,Nuclei_AreaShape_Center_Z,Nuclei_AreaShape_Compactness,Nuclei_AreaShape_Eccentricity,Nuclei_AreaShape_EulerNumber,Nuclei_AreaShape_Extent,Nuclei_AreaShape_FormFactor,Nuclei_AreaShape_MajorAxisLength,Nuclei_AreaShape_MaxFeretDiameter,Nuclei_AreaShape_MaximumRadius,Nuclei_AreaShape_MeanRadius,Nuclei_AreaShape_MedianRadius,Nuclei_AreaShape_MinFeretDiameter,Nuclei_AreaShape_MinorAxisLength,Nuclei_AreaShape_Orientation,Nuclei_AreaShape_Perimeter,Nuclei_AreaShape_Solidity,Nuclei_AreaShape_Zernike_0_0,Nuclei_AreaShape_Zernike_1_1,Nuclei_AreaShape_Zernike_2_0,Nuclei_AreaShape_Zernike_2_2,Nuclei_AreaShape_Zernike_3_1,Nuclei_AreaShape_Zernike_3_3,Nuclei_AreaShape_Zernike_4_0,Nuclei_AreaShape_Zernike_4_2,Nuclei_AreaShape_Zernike_4_4,Nuclei_AreaShape_Zernike_5_1,Nuclei_AreaShape_Zernike_5_3,Nuclei_AreaShape_Zernike_5_5,Nuclei_AreaShape_Zernike_6_0,Nuclei_AreaShape_Zernike_6_2,Nuclei_AreaShape_Zernike_6_4,Nuclei_AreaShape_Zernike_6_6,Nuclei_AreaShape_Zernike_7_1,Nuclei_AreaShape_Zernike_7_3,Nuclei_AreaShape_Zernike_7_5,Nuclei_AreaShape_Zernike_7_7,Nuclei_AreaShape_Zernike_8_0,Nuclei_AreaShape_Zernike_8_2,Nuclei_AreaShape_Zernike_8_4,Nuclei_AreaShape_Zernike_8_6,Nuclei_AreaShape_Zernike_8_8,Nuclei_AreaShape_Zernike_9_1,Nuclei_AreaShape_Zernike_9_3,Nuclei_AreaShape_Zernike_9_5,Nuclei_AreaShape_Zernike_9_7,Nuclei_AreaShape_Zernike_9_9,Nuclei_Children_Cells_Count,Nuclei_Children_Cytoplasm_Count,Nuclei_Intensity_IntegratedIntensityEdge_GFP,Nuclei_Intensity_IntegratedIntensity_GFP,Nuclei_Intensity_LowerQuartileIntensity_GFP,Nuclei_Intensity_MADIntensity_GFP,Nuclei_Intensity_MassDisplacement_GFP,Nuclei_Intensity_MaxIntensityEdge_GFP,Nuclei_Intensity_MaxIntensity_GFP,Nuclei_Intensity_MeanIntensityEdge_GFP,Nuclei_Intensity_MeanIntensity_GFP,Nuclei_Intensity_MedianIntensity_GFP,Nuclei_Intensity_MinIntensityEdge_GFP,Nuclei_Intensity_MinIntensity_GFP,Nuclei_Intensity_StdIntensityEdge_GFP,Nuclei_Intensity_StdIntensity_GFP,Nuclei_Intensity_UpperQuartileIntensity_GFP,Nuclei_Location_CenterMassIntensity_X_GFP,Nuclei_Location_CenterMassIntensity_Y_GFP,Nuclei_Location_CenterMassIntensity_Z_GFP,Nuclei_Location_Center_X,Nuclei_Location_Center_Y,Nuclei_Location_Center_Z,Nuclei_Location_MaxIntensity_X_GFP,Nuclei_Location_MaxIntensity_Y_GFP,Nuclei_Location_MaxIntensity_Z_GFP
positive,30uM,O06,16,1,637,511,25,1,1.8798967129214,0.577597596000511,0,0.38984088127295,0.099814461796541,42.7745169652004,44.5982062419555,8.06225774829855,2.57974791303618,2.23606797749979,34.8,34.9177637648896,25.0962818566126,283.19,0.570022371364653,0.407769527398843,0.02804466483117,0.091330258050049,0.029548650093625,0.014995119273707,0.041232916212179,0.077619604805377,0.037934348194266,0.01668573298532,0.019084610509903,0.038952694491375,0.000661824379945,0.056829825408934,0.021428380177635,0.011769151428636,0.006397027554018,0.006250443833941,0.004649397004827,0.003374404818948,0.003224100126863,0.008046209596476,0.011227508601142,0.010209320275266,0.003221454075407,0.008765335806725,0.001312454136674,0.010985546368307,0.003713439699299,0.007127049945726,0.002374349853572,12.2000002861023,42.8745108954609,0.047058824449778,0.011764705181122,1.84329320275064,0.164705887436867,0.278431385755539,0.064893618543097,0.06730692448267,0.0588235296309,0.04313725605607,0.023529412224889,0.024124327320673,0.031291266119198,0.074509806931019,494.762370809344,21.7065764090007,0,493.087912087912,22.4772370486656,509,29,0,1,1,1,320,496,19,1,1.26690610407282,0.850622238603131,1,0.571428571428571,0.705636425952279,28.4815961818133,28.1602556806574,7.21110255092798,3.09799689849149,2.82842712474619,13.8636214604987,14.9749777693623,-63.9251863650996,75.49,0.942562592047128,0.510574879330143,0.133190387891275,0.112237756677751,0.061256981660287,0.070083579699824,0.04447092741032,0.011926602483556,0.016928146903984,0.014413524145108,0.004073298596662,0.014215277821992,0.012065485403086,0.016217113490387,0.008422765913785,0.012049568390491,0.017596722955729,0.00837957634821,0.007081700729152,0.005770330582403,0.005389796400456,0.012064750465696,0.016996947594198,0.009225469604783,0.008474086154124,0.010096652629543,0.005184500784347,0.002439644435498,0.001712156857531,0.002263317358541,0.005848605098956,1,1,4.86274523288012,23.3137261793017,0.0588235296309,0.011764705181122,0.494761985030469,0.20392157137394,0.20392157137394,0.079717134965248,0.072855394310318,0.066666670143604,0.04313725605607,0.035294119268656,0.032046139183033,0.022640529721436,0.082352943718433,494.622708157721,20.0476030501949,0,494.58125,20.540625,0,492,11,0
positive,30uM,O06,16,2,595,130,9,1,2.65123582666793,0.603286088583701,0,0.330555555555556,0.063544477918705,49.5317884729584,49.6487663492256,5.3851648071345,1.84580582200158,1.4142135623731,36.1459277082169,39.502832450176,-78.4203679531689,343.023999999999,0.434306569343066,0.305400066523957,0.067245916111469,0.028799105891507,0.038664556727714,0.021985359549925,0.011512330973978,0.07041355702709,0.030551273614573,0.010209055575159,0.02865237189418,0.014316580551536,0.00540555846056,0.019173923058214,0.028939673621484,0.006991210856455,0.006006892444072,0.012878901302407,0.024139442205051,0.001574087408043,0.001620618237607,0.008369904283035,0.007981465396631,0.006787679450507,0.006727712115638,0.005753643909737,0.002881761578924,0.006414665093568,0.013073102996593,0.000776887180743,0.001659076481913,14.7921572290361,46.0705894902349,0.050980392843485,0.015686277300119,1.85847908218445,0.156862750649452,0.223529413342476,0.060623595200968,0.077429562168462,0.066666670143604,0.019607843831182,0.019607843831182,0.021964731315817,0.035528477146641,0.094117648899555,134.000170251553,16.1150834126646,0,133.317647058824,17.8436974789916,144,9,0,2,2,2,614,133,24,1,1.24858947834576,0.861046898484633,1,0.641588296760711,0.771976531332332,39.399450119739,39.2045915678253,10.295630140987,4.2677677499873,4,19.7989898732233,20.0356271815765,-52.5243681204381,99.974,0.973830293417922,0.508633103752368,0.009887842568899,0.18522903377809,0.095358164527296,0.013264578477532,0.007785085616022,0.024461993020258,0.041276154094245,0.037603607326417,0.003967248515779,0.003963939822967,0.007574465928231,0.014784292158064,0.009329069910786,0.008997520820693,0.018067236259871,0.006450525605872,0.003756613707877,0.002576522038409,0.005723250576304,0.014286993562821,0.015750148486634,0.011496104968906,0.002632611506834,0.00962803164106,0.005849994434723,0.004159899987572,0.000580174629324,0.001015117086608,0.0039323482188,1,1,6.15686293877661,46.8627464380115,0.049019608646631,0.023529414087534,1.2756755020551,0.156862750649452,0.333333343267441,0.074179071551526,0.07632369126712,0.070588238537312,0.027450980618596,0.019607843831182,0.035197942631317,0.035498842581595,0.098039217293263,132.456736400382,23.9391631883425,0,132.921824104235,25.1270358306189,0,130,16,0
positive,30uM,O06,16,3,1148,364,45,1,1.86839151512862,0.450450592415501,0,0.294812532100668,0.0273343788398,55.0924269207936,65.5133574166368,7.81024967590665,2.36548218097303,2,52.914490221383,49.1865935378768,10.9938771665785,726.475999999999,0.489239292563392,0.318332546424439,0.006796434377775,0.129168591701407,0.010878637675607,0.019959850761456,0.023616099863323,0.010132879571054,0.002808092292429,0.010064242774707,0.029723525569976,0.018142262958577,0.005380968151103,0.045309379160046,0.013865068843377,0.006817933557471,0.004953024702977,0.023538720813803,0.008114492345677,0.006900008723759,0.007608119637658,0.025478691708747,0.007752931771626,0.002851558732611,0.007457363368956,0.000611655572765,0.014064336149765,0.016441265398386,0.006857465468604,0.007700551630833,0.001500863257382,25.92156919837,107.470591166988,0.047058824449778,0.007843136787415,2.34731517010271,0.376470595598221,0.694117665290833,0.062612485986401,0.09361549753222,0.054901961237192,0.035294119268656,0.027450980618596,0.045690508979995,0.107400710745575,0.078431375324726,368.541142108705,40.5387702972202,0,370.887630662021,40.4764808362369,364,39,0,3,3,3,477,379,40,1,1.1983764679706,0.80056867939969,1,0.641129032258065,0.73481771718651,32.7566271105878,31.6227766016838,9.4339811320566,3.72938913061203,3.60555127546399,20.16338953599,19.6291143548964,25.0264760819954,90.318,0.902554399243141,0.607335262838673,0.052643181820692,0.156180655515394,0.10204273630243,0.034784539113867,0.022147516018255,0.007696885836669,0.025876012009061,0.033472267766982,0.013036134036104,0.023637273168701,0.0075570749126,0.000642964375949,0.015134122158048,0.00617759079718,0.012191604502628,0.011230369010878,0.013969029695367,0.002099741471974,0.002613803316437,0.002032493851698,0.003116684738488,0.007067018072317,0.011897300606427,0.005162173090989,0.004927809784892,0.006225817815582,0.005030275289496,0.004054448506199,0.00170918581337,1,1,9.39215716719627,50.1568641476333,0.054901961237192,0.031372547149658,3.77318264868674,0.529411792755127,0.529411792755127,0.125228762229284,0.105150658590426,0.078431375324726,0.035294119268656,0.031372550874949,0.10424261231066,0.072326737896346,0.136274516582489,373.33268177141,36.8150899189723,0,377.06498951782,37.3689727463312,0,365,38,0
positive,30uM,O06,16,4,850,46,32,1,2.21752414796704,0.78695893706063,0,0.347222222222222,0.076805581281284,58.9248352357811,58.4123274660409,6.32455532033676,2.13483537995959,2,34.4594221752157,36.3569399946876,-47.2471048123088,372.921999999999,0.526152893840916,0.317190390687248,0.045954801871183,0.0807699158014,0.050308100427419,0.022099076745011,0.014967350823273,0.039972788841608,0.011654300206125,0.015730034256766,0.025191242477224,0.007026772751211,0.008490526145398,0.048622232395186,0.027469952003447,0.006713934161184,0.003178190186145,0.016948676693579,0.015373302634176,0.002090691225782,0.004012708742625,0.027462945512883,0.020925904471481,0.010312365989206,0.00701816318214,0.002148663828083,0.014216022847853,0.008151154172424,0.003704013729033,0.004834419855437,0.004092777766392,16.1647063028067,69.2980411462486,0.054901961237192,0.019607845693827,0.587550097813188,0.184313729405403,0.298039227724075,0.058567776459445,0.081527107230881,0.070588238537312,0.027450980618596,0.027450980618596,0.017561325187099,0.037312360117513,0.098039217293263,56.1900854410208,33.9855695826212,0,56.7694117647059,34.0835294117647,45,53,0,4,4,4,484,59,36,1,1.19441087513366,0.838623541422513,1,0.678821879382889,0.805333365561617,33.7225706944903,32.6955654485436,8.94427190999916,3.9347231023794,3.60555127546399,17.4413302244984,18.3690701334232,-63.5110438752622,86.904,0.953694581280788,0.575172423048078,0.022974197058245,0.178972796607078,0.105851117753309,0.017239225953126,0.006568601589614,0.007671213165696,0.031495216846517,0.035754918439398,0.004963538155198,0.002452242623239,0.00324612222308,0.016738498999666,0.018017872645298,0.002822543041613,0.013975169462809,0.009799073735736,0.009117875054207,0.003859742867193,0.002869853980391,0.011033084168881,0.011432038760875,0.01547788461762,0.008947473803861,0.005128137613728,0.004933420559945,0.005175451064751,0.005627881920356,0.002886785598312,0.00217651829846,1,1,5.00000014901161,24.6117654573172,0.039215687662363,0.007843136787415,0.223024381542961,0.254901975393295,0.254901975393295,0.06944444651405,0.050850755077102,0.047058824449778,0.031372550874949,0.019607843831182,0.035339100730201,0.022160434818882,0.0588235296309,59.2061822817412,36.5401529670524,0,59.150826446281,36.7561983471074,0,68,38,0
positive,30uM,O06,16,5,572,95,30,1,2.11947007573149,0.851911781925449,0,0.305555555555556,0.076564662221322,49.2120502211268,55.0726792520575,7.81024967590665,2.54243051622648,2,25.6,25.7716283352431,-61.8958259598795,306.399999999999,0.516945323090827,0.24012187648721,0.076149377562982,0.069618174001118,0.041305563925967,0.04872032460085,0.027529399528771,0.015936050661843,0.023957058707929,0.014227925772125,0.017665376248783,0.016544111596513,0.012947725712935,0.016524833028394,0.014464416847981,0.013634022351057,0.006800633183861,0.013387409161534,0.002763850257305,0.004102017954151,0.008088400845771,0.020300005714795,0.015070906822881,0.005381415133726,0.004543163844982,0.004802204356121,0.001952558864013,0.001474446448394,0.006229983665077,0.004179782410793,0.007817801012651,13.2823532819748,72.9098056927323,0.050980392843485,0.027450978755951,1.08637830181863,0.431372553110123,1,0.062358466112558,0.127464695267015,0.074509806931019,0.015686275437474,0.015686275437474,0.051171179052736,0.153316648773674,0.121568627655506,94.6097246099435,36.2509143740464,0,93.6800699300699,35.6888111888112,95,40,0,5,5,5,395,86,50,1,1.34336792946004,0.891952174914005,1,0.704099821746881,0.720423693531406,33.5255338681855,33.2415402771893,7.61577310586391,3.34531208425845,3,15.1789327688082,15.1578914997036,-77.4768146941308,83.006,0.94272076372315,0.455139927756008,0.004780107954162,0.176757692912521,0.092199098396919,0.006501425685457,0.00502958184473,0.040325117397944,0.046472717992329,0.040239622889462,0.004124334926956,0.004142174471304,0.00418173366256,0.005686194546674,0.004103001215131,0.015697699418802,0.021556298754474,0.00123036313517,0.002767136755728,0.001583952965791,0.003106293212379,0.014102620733341,0.014247956702178,0.00557040687671,0.003392894247742,0.012726436080135,0.003971801044606,0.002069451672371,0.000923655417836,0.000448357042673,0.00236552120155,1,1,6.05490212887526,27.713726285845,0.04313725605607,0.015686273574829,3.28006951781464,0.482352942228317,0.482352942228317,0.085280311674299,0.070161332369228,0.054901961237192,0.015686275437474,0.015686275437474,0.097499134555331,0.054173201919814,0.074509806931019,86.8282156466917,46.8269421258015,0,85.6253164556962,49.8784810126582,0,93,42,0
positive,30uM,O06,16,6,863,237,46,1,1.91522081878566,0.72343573432692,0,0.417513304305757,0.061420992791327,53.3637448548051,53.4883164812653,7.07106781186548,2.34082484123948,2,37.5365568938905,36.8418880309004,85.6380557069507,420.195999999999,0.549156856506522,0.376832755817725,0.020986527568581,0.102678687445787,0.048466696949457,0.025270790450466,0.01097186863144,0.045157636316034,0.012881862733894,0.01679588735372,0.033213294170433,0.017526785069236,0.011528625565448,0.03945152383049,0.022045950357901,0.017278157048514,0.005052452332071,0.02365334850953,0.016982375153382,0.006366546583056,0.011383578317064,0.00554997176327,0.016285241623552,0.013229182138613,0.007915570038999,0.003059326291422,0.008583341175675,0.01608862729404,0.005432831272493,0.007557848381636,0.007313172105685,17.6941180508584,80.9568649120629,0.050980392843485,0.015686277300119,3.00025396882059,0.403921574354172,0.423529416322708,0.061437909898814,0.093808649956041,0.062745101749897,0.023529412224889,0.023529412224889,0.041144038256099,0.071156318448806,0.109803922474384,236.570093001478,34.7311083138017,0,239.339513325608,33.577056778679,230,36,0,6,6,6,438,245,34,1,1.46182718724406,0.909369995104366,1,0.536764705882353,0.575424703460133,37.3032999187657,38.5875627631495,7.61577310586391,3.29471542192784,2.82842712474619,15.0271232439776,15.5177339083728,65.4179493344968,97.802,0.90495867768595,0.374532518867697,0.061229554874749,0.149455348407834,0.069579756966206,0.048543322129583,0.026751847970185,0.038104510344079,0.035625772885685,0.027775077687382,0.021771432608584,0.024227241635061,0.012840662650993,0.006207164239141,0.006538368225866,0.010143692271134,0.014050572376917,0.002588549979476,0.005122204442918,0.010541071975267,0.007051748446448,0.003112821255518,0.001389779831404,0.007033420446792,0.00712827642707,0.008108502505169,0.010214040779036,0.008409756736416,0.001525148351808,0.004213388975421,0.004451524525602,1,1,4.5215687584132,22.7058829609305,0.04313725605607,0.007843136787415,0.574462665189624,0.16078431904316,0.16078431904316,0.056519609480165,0.051839915435914,0.047058824449778,0.023529412224889,0.023529412224889,0.026245915207505,0.017850283078741,0.054901961237192,243.537823827525,31.9637305644677,0,244.10502283105,32.0547945205479,0,236,31,0
positive,30uM,O06,16,7,1168,226,66,1,2.00524688469918,0.883906282958527,0,0.34032634032634,0.063124026301481,69.8955527845375,70.7106781186548,8.24621125123532,2.74556617820337,2.23606797749979,36.4679456907943,32.6876387332705,61.9365722388841,482.201999999999,0.530547354076766,0.297428757650134,0.031189535358169,0.113495554426057,0.054217860381575,0.036105379824873,0.013462241277546,0.01367890273836,0.036998963388364,0.010563819887207,0.020137213064817,0.026163527702546,0.006940741135083,0.0022167673408,0.00172931053542,0.006382061017183,0.002623556689942,0.006273619081428,0.021006852894178,0.008187330097891,0.00413115085899,0.000494277075466,0.009459411955599,0.009212347354028,0.006715878495733,0.006017704868149,0.014589035371868,0.008366226460778,0.008067827735106,0.0071030227966,0.001902511543941,20.0392161589116,100.129414470866,0.050980392843485,0.019607841968536,0.691165351319274,0.345098048448563,0.400000005960465,0.060909471607634,0.085727238416838,0.066666670143604,0.023529412224889,0.023529412224889,0.03035318426472,0.05510689778681,0.098039217293263,217.963302390431,54.428347630274,0,218.630136986301,54.2465753424658,213,59,0,7,7,7,420,203,39,1,1.69401674159981,0.936895676093521,1,0.467185761957731,0.59457936154623,40.1940709699162,38.9486841883009,7.07106781186548,3.10309116952686,2.82842712474619,13.9920145293033,14.0522112131912,46.5092287964024,94.216,0.94170403587444,0.352511937237158,0.038303111469079,0.13368166223317,0.085765709070779,0.02224155654914,0.010127221860073,0.042037206230972,0.054435677048584,0.037082030889413,0.015011667653724,0.005829509584105,0.00342963905712,0.019932428691108,0.015732194843834,0.02265901132963,0.018976097300236,0.006291094372276,0.008854921384737,0.007211599940773,0.002769317518524,0.003847214298124,0.003330999309986,0.004574039244214,0.008122042372696,0.010702838242442,0.002287056447619,0.004543355027544,0.007509028983702,0.008414773206599,0.002658758870299,1,1,6.14117661304772,25.3450987376273,0.04313725605607,0.011764708906412,3.46662185498811,0.235294118523598,0.235294118523598,0.081882354840636,0.060345473184827,0.050980392843485,0.023529412224889,0.019607843831182,0.051271007275262,0.031297612000138,0.070588238537312,207.154417436208,45.3892928755686,0,205.145238095238,42.5642857142857,0,214,58,0
positive,30uM,O06,16,8,1296,310,51,1,1.96557090276223,0.759518843062506,0,0.327852264103213,0.036569409561306,67.4554834682164,67.0820393249937,7.07106781186548,2.31679153032647,2,47.7188121450855,43.8788004791194,71.7531805569435,667.341999999998,0.519126777488484,0.359394638951208,0.018127709572322,0.103804196305504,0.052517592139936,0.017591418044978,0.025209594767688,0.015608088082302,0.029286682050739,0.012906606723096,0.02538728135653,0.031383547762821,0.018700802823642,0.016237658195982,0.006837251005187,0.005257079016343,0.009816338911081,0.036486222787485,0.009267612627093,0.010344314391301,0.009432267414546,0.000998461510106,0.0079706746635,0.003231493058303,0.008514285961782,0.001648796687396,0.019407555585979,0.009832011200189,0.004094161683458,0.001057701861351,0.008647545023312,28.4352947361767,102.01961039938,0.047058824449778,0.007843140512705,3.38029216357379,0.439215689897537,0.439215689897537,0.065519112295338,0.078718835184707,0.054901961237192,0.031372550874949,0.027450980618596,0.047164064357723,0.054028529995495,0.082352943718433,318.142994412361,50.3369594255593,0,319.877314814815,53.2384259259259,324,21,0,8,8,8,462,327,50,1,1.19116871431388,0.834017129951115,1,0.669565217391304,0.755490643200361,32.808092761125,33.0151480384384,9.4339811320566,3.84544998306201,3.60555127546399,17.8885438199983,18.1014895102119,34.0823453329345,87.662,0.953560371517028,0.539666669419858,0.025185920199898,0.190399733552737,0.092741035129653,0.016409056681837,0.00375310610046,0.014364722779806,0.03282645625137,0.037365442181488,0.002473697163131,0.007178992303783,0.000327797868461,0.02212714737222,0.014800684246266,0.006730559981429,0.018214756025652,0.009933122273648,0.006877813059165,0.006203327440547,0.000653679693484,0.011911857195921,0.013801812501615,0.011748379125405,0.002873950043894,0.009656338897488,0.006172948984267,0.002790131019436,0.002492778257313,0.004406223110245,0.00100836400326,1,1,7.52549040690064,42.4156873505563,0.054901961237192,0.023529414087534,2.97040868911641,0.380392163991928,0.380392163991928,0.104520700095842,0.091808847079126,0.074509806931019,0.031372550874949,0.027450980618596,0.074693503058397,0.055157790358881,0.113725490868092,323.864182686151,48.170580614931,0,326.627705627706,49.2597402597403,0,316,50,0
positive,30uM,O06,16,9,2396,440,63,1,1.44631328559007,0.68714155147927,0,0.407899216887981,0.053862732895445,75.9160642181494,88.090862182181,13.3416640641263,4.45263167925557,3.60555127546399,58.3848172494006,55.1548094979586,-12.2686134546907,747.659999999998,0.655540355677155,0.392800962641235,0.029549578482258,0.165486633845234,0.032737026871736,0.036219051292014,0.009863919744848,0.012429382988694,0.015139209748489,0.017362154549689,0.023797820945619,0.014828487542713,0.003215450083825,0.051972560583186,0.022392806729982,0.015309883006545,0.008167832402348,0.009888250312675,0.008622354082778,0.003456736059057,0.002676218242995,0.026451631627172,0.015733265546272,0.001718399700686,0.008226262511191,0.003743800586765,0.005684008565891,0.006462805317302,0.003131186656876,0.006460184345477,0.001168727202356,31.8666673451662,179.325494907796,0.050980392843485,0.011764705181122,2.36557084766826,0.725490212440491,0.74117648601532,0.06638889030243,0.074843695704423,0.0588235296309,0.039215687662363,0.027450980618596,0.068564771027399,0.057434284225453,0.078431375324726,425.529085038645,62.0197253389535,0,423.885642737897,63.7212020033389,427,51,0,9,9,9,514,416,58,1,1.22330633314743,0.852035624622511,1,0.719887955182073,0.76588926187984,35.475955797055,34.2052627529741,9.21954445729289,3.96423861411645,3.60555127546399,17.7087548969429,18.5710883360351,-15.6241410623574,91.834,0.945722171113156,0.559354808541772,0.013006831823973,0.176004509146865,0.109115884523923,0.009896978131479,0.002751657233963,0.012619679365446,0.038016419008131,0.035870263417171,0.000360910503122,0.002183968053184,0.000879446648134,0.012769109555794,0.014459168386444,0.003925033122123,0.014565356527742,0.005186723927377,0.0047345464165,0.003099063469064,0.001954510573062,0.011170721199302,0.014072096999727,0.017092102860589,0.010668399614288,0.00658067714726,0.003714255693504,0.004027253306769,0.002784734350832,0.002275598893795,0.002112813038679,1,1,11.1882355734706,110.227453611791,0.066666670143604,0.050980392843485,6.2463648617962,0.74117648601532,0.972549021244049,0.143438917608597,0.214450298855625,0.105882354080677,0.04313725605607,0.039215687662363,0.143700582614035,0.223826029624741,0.282352954149246,418.243702845358,55.9202006618201,0,412.717898832685,58.8326848249027,0,423,52,0
positive,30uM,O06,16,10,950,181,74,1,1.63168281995333,0.566982067929748,0,0.429087624209575,0.095140996342352,48.4756471637809,53.1507290636733,8,2.94730041784102,2.23606797749979,38.3934448021219,39.9308513629837,-31.1364626566098,354.227999999999,0.606641123882503,0.423707037288936,0.094512741798816,0.088610535072464,0.041042527095619,0.043292016494442,0.027013803952484,0.022470651851527,0.036390014557813,0.022570492361835,0.042319215354511,0.022439190909997,0.003149325584578,0.002974335614734,0.01486806228461,0.011084951444388,0.006079908002061,0.020859796227817,0.018232932834468,0.006368931318802,0.006490992630185,0.000133077230251,0.007958628796362,0.004894073643797,0.008249806418037,0.0071732151868,0.010246947348278,0.006578024243125,0.010740554542488,0.008611668492036,0.006396748981363,13.9882356226444,76.9882373958826,0.050980392843485,0.019607841968536,1.89879834004776,0.141176477074623,0.337254911661148,0.055730022400974,0.081040249890403,0.066666670143604,0.019607843831182,0.019607843831182,0.016351433567867,0.045009660905858,0.094117648899555,172.640230241606,77.6280052902929,0,172.956842105263,75.7557894736842,171,86,0,10,10,10,420,162,76,1,1.12398779793145,0.761643556641243,1,0.75,0.797524511730384,29.1344118585372,27.8926513619627,9,3.77342672762625,3.60555127546399,17.9476362526886,18.8789885650053,-14.2468982688146,81.35,0.94170403587444,0.687352967594818,0.154627542362659,0.086750019536082,0.074088230940474,0.02712691599072,0.023117403742806,0.003338367800039,0.014216462434517,0.022621135117806,0.020771131879708,0.018074133030481,0.001364462858196,0.019852274898715,0.01783731009877,0.006824557021355,0.010870068955128,0.001222746333255,0.006687665246106,0.012535805594111,0.005958010015418,0.003840807781454,0.006540046737964,0.002341769222775,0.002972674359935,0.008234198104322,0.010389899193587,0.003955112275913,0.00522035094295,0.005968798287922,0.00246971028993,1,1,4.19215698353946,23.0980399101973,0.039215687662363,0.011764705181122,1.49207380058842,0.141176477074623,0.168627455830574,0.060755898312166,0.054995333119517,0.047058824449778,0.019607843831182,0.019607843831182,0.026069430612945,0.024409139871383,0.066666670143604,161.211884544552,78.871986416879,0,160.745238095238,77.4547619047619,0,155,86,0
positive,10uM,O07,21,1,592,194,0,1,2.72915169674381,0.856910888677311,0,0.40135593220339,0.068982851644401,56.984833990111,59.8080262172227,5.3851648071345,2.04737587206565,2,24,29.3736632776227,9.12319390455496,328.394,0.506415739948674,0.210346611424433,0.045568204428425,0.070485617955684,0.044570053883759,0.009015893352676,0.01772891130604,0.004507674891866,0.027860483113802,0.015834495535801,0.018382869569207,0.010046304038229,0.006719343041269,0.016813174137999,0.007005020541074,0.008530707127854,0.007814490923352,0.012768099436407,0.00957174965877,0.003475495297258,0.00314823787571,0.019294253476621,0.011017306262484,0.010935337210846,0.007611278237907,0.004248189748565,0.008726584403299,0.012522028660476,0.008815276656269,0.0008504303676,0.001253829469803,19.2470594197512,70.9803941808641,0.074509806931019,0.031372547149658,1.51976540325234,0.270588248968124,0.34901961684227,0.092091193395939,0.119899314494703,0.10196078568697,0.04313725605607,0.04313725605607,0.042768246722325,0.057597796388401,0.152941182255745,197.131657467325,11.5644751343032,0,198.528716216216,10.9662162162162,210,18,0,1,1,1,402,206,10,1,1.39409124003356,0.890672793436656,1,0.788235294117647,0.571642842153383,34.4182410943473,33.9558536926993,8,3.21342210518592,3,14,15.648077399565,-3.34048598788166,94.006,0.892341842397336,0.442297599416511,0.013277784290359,0.168778281565964,0.08950350367553,0.020428847945768,0.014625831411237,0.0387798789319,0.050329374484376,0.029486435950335,0.006791639876524,0.005270203934805,0.0166979848912,0.002207149801251,0.008874559943868,0.009849214872978,0.00931602138236,0.005886043711069,0.003498626309962,0.006921902997601,0.015575217386144,0.004697594432415,0.013020098759681,0.004973624708436,0.003510080131516,0.004587147641027,0.006902122301299,0.002962209159037,0.005743994581473,0.005439020313718,0.0128747338171,1,1,9.39607866853476,41.8156874030828,0.066666670143604,0.027450978755951,1.49429077444926,0.270588248968124,0.270588248968124,0.117450983356684,0.104019122893241,0.094117648899555,0.047058824449778,0.035294119268656,0.062045425899028,0.049222778389882,0.127450987696648,200.872268595193,11.7230610456606,0,201.716417910448,10.4900497512438,0,197,16,0
positive,10uM,O07,21,2,309,75,46,1,4.51111289014184,0.907551580143749,0,0.305335968379447,0.066409011138623,54.9089977803831,45.0444225182208,4,1.61270275032808,1,20.825300430265,23.058518901797,-88.3476989347125,241.808,0.396407953816549,0.19390390306711,0.027510978910225,0.016485331217071,0.055964431233251,0.009619408638155,0.013365549118356,0.03854878640339,0.041130689329304,0.018944781590147,0.018064959939402,0.016229977795235,0.001451020042745,0.004655889153677,0.010714747931402,0.018262192697578,0.011540242956146,0.017072225583721,0.009607797103854,0.009614678573227,0.003916733102633,0.01420122844532,0.008393597994026,0.014145996063499,0.006427883095836,0.008302109763587,0.001689950531717,0.011191070317985,0.009318336034589,0.000725341190407,0.003262635931587,14.3843141272664,41.9803932532668,0.074509806931019,0.039215691387653,0.297856113006799,0.458823531866074,0.498039215803146,0.091619835205519,0.135858877842287,0.098039217293263,0.019607843831182,0.019607843831182,0.066220938802232,0.092930101399704,0.176470592617989,77.0671648768578,32.311910321631,0,76.8608414239482,32.0970873786408,79,18,0,2,2,2,451,73,29,1,1.11924510860281,0.782768706131084,1,0.767006802721088,0.851316887122671,30.4746552361465,30.0166620396073,9.48683298050514,3.96753837667548,3.60555127546399,18.3412104289766,18.9647663556879,65.9739258632806,81.592,0.957537154989384,0.637184399086039,0.023463376854489,0.18103844595309,0.101441890040955,0.006892972811166,0.001336921507624,0.011047190108804,0.016500579543004,0.032161835100788,0.003788460502831,0.009462037023603,0.003578265261831,0.026370743590717,0.024772727660036,0.010117974690142,0.01311725622492,0.003310101557674,0.002862007194932,0.00797314578642,0.004059293774904,0.002994788647414,0.008313059207698,0.011024971755277,0.010805347695275,0.005774674362154,0.002140861624393,0.003043513746586,0.004567017574626,0.003320743862261,0.003464395998537,1,1,7.71764724701643,47.0274523403496,0.054901961237192,0.031372550874949,1.03759852234197,0.419607847929001,0.47843137383461,0.110252103528806,0.104273730244678,0.078431375324726,0.019607843831182,0.019607843831182,0.098808286372165,0.075241221395842,0.137254908680916,74.3684956600691,29.9980820618439,0,73.3880266075388,29.6585365853659,0,75,19,0
positive,10uM,O07,21,3,1069,250,38,1,2.18155457878929,0.780864920008486,0,0.362618724559023,0.034250079090983,65.3051325885755,66.2721661031236,9.05538513813742,2.30871881318347,2,42.2126849327399,40.7961104059902,-9.59884171352944,626.271999999999,0.509168849726125,0.309902794472197,0.024213470061504,0.096603139186866,0.04544958803597,0.035293078174427,0.018003322779412,0.020767097187599,0.025495041596085,0.018353602158793,0.026611872612726,0.025923993716957,0.008020985818233,0.019676891134514,0.014924853415444,0.015443676241714,0.00522710520869,0.0063331381478,0.019313650512175,0.007730023889053,0.004372213100036,0.016663472584874,0.013945461763111,0.00266417380785,0.004563213180003,0.002375299512723,0.001934837873752,0.007698077173474,0.007119391285878,0.004337759601407,0.002160318817295,31.7294129952788,128.145101860166,0.070588238537312,0.011764705181122,4.44584396136608,0.403921574354172,0.941176474094391,0.078928888047957,0.119873809036638,0.078431375324726,0.04313725605607,0.039215687662363,0.032052032558336,0.11805223624849,0.10196078568697,239.088686211853,40.7881690815789,0,235.839101964453,43.822263797942,248,37,0,3,3,3,499,225,42,1,1.22269118814027,0.849501985267355,1,0.815359477124183,0.795860004724767,34.8885215791717,33.3766385365573,9,3.95808582004694,3.60555127546399,17,18.4066753644294,-1.65296816679779,88.764,0.956855225311601,0.570329024077959,0.046216257504765,0.165127697242333,0.108871406912655,0.032698965473387,0.011775907191718,0.012995566790274,0.025413761476657,0.041483336292052,0.003605900799137,0.002922982597401,0.004565969375843,0.016136906684747,0.007475581215731,0.004113014620844,0.018017332904849,0.017223880680396,0.012475542397105,0.006569987841351,0.002176190932826,0.000154084319369,0.01066175195462,0.006281176224864,0.010557009493383,0.007322633361202,0.007182895751682,0.008967982238847,0.007540455957656,0.005470157267918,0.000737142583748,1,1,8.13333358615637,48.1294131316245,0.062745101749897,0.015686277300119,2.47889000044567,0.403921574354172,0.403921574354172,0.104273507514825,0.096451729722694,0.074509806931019,0.039215687662363,0.031372550874949,0.071201283009303,0.053475064505359,0.109803922474384,227.793204584472,41.0174366576966,0,225.458917835671,41.8517034068136,0,239,36,0
positive,10uM,O07,21,4,667,130,70,1,3.23986713126349,0.865504416300672,0,0.302631578947368,0.045376095890736,66.2743288276783,59.4810894318522,5.3851648071345,1.83979887224849,1.4142135623731,34.4816562157999,33.1968970048041,76.5183315596532,429.787999999999,0.390743995313415,0.240036963351711,0.039205648346691,0.04055607772957,0.049600315217067,0.024978527944176,0.017712247305433,0.03627160924697,0.036674345254074,0.007329421277926,0.018889621970772,0.006020048532342,0.005115416246613,0.018313765666185,0.011871683428495,0.013007634033756,0.010498706479705,0.011077878113837,0.013214604532668,0.005332925934074,0.002920411253663,0.009045181135275,0.004944913600256,0.009830186041052,0.015267791818602,0.011917026532308,0.01509774159711,0.010700363945461,0.006842998016534,0.00250985611202,0.004849774831936,27.2352950368077,69.5411786343902,0.070588238537312,0.015686273574829,2.84678141271454,0.313725501298904,0.34901961684227,0.092323034023077,0.104259638132519,0.082352943718433,0.027450980618596,0.027450980618596,0.052884759581952,0.056804945785788,0.117647059261799,122.804488797025,51.1497208696972,0,121.826086956522,53.8230884557721,121,31,0,4,4,4,493,124,54,1,1.25553213719426,0.864373115546628,1,0.649538866930171,0.769417549732353,35.4948638874133,34.5398320783411,8.94427190999916,3.83643030109344,3.60555127546399,17.1957060829821,17.8486274095687,64.2123645394617,89.732,0.95821185617104,0.524023986978177,0.032447636152688,0.176706002304455,0.101050877396139,0.018521219887446,0.012375645323225,0.020368054912261,0.040581745790172,0.036338258140771,0.002711995153013,0.010741534739962,0.004858844622219,0.008423629394631,0.010744705140191,0.006611001611153,0.01579748985607,0.009574335205051,0.00513824730243,0.005648022536611,0.00330251773743,0.013395924706998,0.011459965233356,0.014128547974107,0.00259307558039,0.006049107978095,0.004745915206767,0.007166829398515,0.0081795184293,0.004326618931578,0.002540609622085,1,1,7.42352965474129,36.4666677229106,0.047058824449778,0.011764708906412,1.83545562939905,0.30588236451149,0.313725501298904,0.100317968307315,0.073968900046472,0.0588235296309,0.031372550874949,0.019607843831182,0.074624094130817,0.049672422373715,0.074509806931019,123.230132274226,49.3879986924893,0,121.555780933063,50.1399594320487,0,129,48,0
positive,10uM,O07,21,5,507,146,58,1,2.3507724074918,0.603457485663764,0,0.404306220095694,0.135667540410857,43.070086000504,37.4833296279826,4.12310562561766,1.98780696331908,2,31.0352208225888,34.343878706466,87.6465488672697,216.706,0.543991416309013,0.459453700484503,0.052567700496893,0.048817862703041,0.050488126943527,0.017773783785966,0.019906680253669,0.147595703217202,0.018494784886259,0.01131781821404,0.011123784004379,0.010211218766142,0.009273636839367,0.021820099252022,0.012497987531106,0.00463211669133,0.002565172463358,0.005897427281274,0.008188050945662,0.00937250859679,0.001111735446586,0.043233422684485,0.011368616511452,0.004098368825616,0.004356040809737,0.004592116901598,0.007982841310052,0.003597540662867,0.003916397542366,0.001097599302981,0.002122126887271,24.9568634480238,78.9686296284199,0.100980393588543,0.049019612371922,2.33135112926207,0.415686279535294,0.415686279535294,0.155980396550149,0.155756665933767,0.147058829665184,0.066666670143604,0.050980392843485,0.081440972337756,0.067722904625803,0.200000002980232,143.697621301579,43.6337587305531,0,146.023668639053,43.7909270216963,137,36,0,5,5,5,436,142,45,1,1.00940007493441,0.452849279838022,1,0.726666666666667,0.833511747730328,25.0250719690683,25.298221281347,11.0453610171873,4.13336649096208,3.60555127546399,21.466252583998,22.312030963363,-28.4754458256552,81.076,0.94066882416397,0.86049501905049,0.080146473659925,0.099207066740649,0.032819775213789,0.036214033083356,0.004411526407978,0.046873950269013,0.001801878214856,0.001834355659441,0.002642206655552,0.01216126554506,0.003394371188055,0.012385201861821,0.012684391532986,0.005826065860249,0.006301686374557,0.014827545898756,0.008635384084545,0.003100053220229,0.002641741703964,0.00313445065907,0.008151584072575,0.001126258262618,0.001096498122349,0.00352876658445,0.009720458625319,0.003003993868685,0.001988080676066,0.001969515029313,0.005888393729386,1,1,14.5294121354818,90.6470609903336,0.176470592617989,0.027450978755951,0.702767836786577,0.415686279535294,0.415686279535294,0.223529417468951,0.207906103188838,0.200000002980232,0.152941182255745,0.129411771893501,0.052161741316115,0.044014246620409,0.235294118523598,142.06757515312,44.0948734559662,0,142.667431192661,44.4610091743119,0,137,36,0
positive,10uM,O07,21,6,467,35,28,1,2.4391193368251,0.715878229072778,0,0.304036458333333,0.078514304196799,44.1565098041101,47.169905660283,7.21110255092798,2.43849182275359,2,30.5702310163048,30.8311857145611,74.2435768722962,273.394,0.417897091722595,0.258148985314386,0.091643898038365,0.030382037975302,0.060661894222905,0.047749312614847,0.020696359903371,0.033878489295396,0.01637861067398,0.013431899633653,0.006873206083691,0.017038738080109,0.006261318680455,0.02396605169667,0.016680310916357,0.003258490842127,0.005451701914618,0.005396423822016,0.012513099912077,0.012503586734495,0.011667749317481,0.014455857086405,0.007470013740473,0.005808906233301,0.009954496998022,0.007453696842097,0.004998423882444,0.005275634084341,0.012245023123349,0.006666351099571,0.008450844537228,12.8196082375944,73.5490215159953,0.070588238537312,0.054901961237192,3.61097104189843,0.176470592617989,0.572549045085907,0.069671783899969,0.157492551426114,0.105882354080677,0.023529412224889,0.023529412224889,0.027911362245898,0.118796497107839,0.219607844948769,37.9499333607078,29.7321780825186,0,40.3640256959315,32.4175588865096,39,30,0,6,6,6,518,43,47,1,1.17671149529183,0.828368057419177,1,0.801857585139319,0.81096322485047,34.3988273004474,33.5410196624968,10,4.10497681086189,4,18,19.2696802743139,84.3641333174142,89.592,0.956602031394275,0.583992537851861,0.069694234234833,0.167517831925823,0.095787403638451,0.032935422776087,0.031474994400929,0.004351753441476,0.021969949342081,0.027782912636306,0.013848236860294,0.005630351940327,0.011457554480663,0.00805541717621,0.012802506208017,0.004263500303091,0.010169478195579,0.017471679178573,0.018839460175506,0.007800760293352,0.002713996935266,0.007134022147034,0.001960180173642,0.002752776995098,0.004849549147098,0.005516789184106,0.003606870902385,0.004865836273235,0.010127176993642,0.010459240897383,0.000743214131301,1,1,4.74117660522461,30.5607851725072,0.04313725605607,0.011764705181122,1.55538349350194,0.196078434586525,0.24705882370472,0.060784315451598,0.05899765477318,0.050980392843485,0.023529412224889,0.015686275437474,0.035526580205362,0.02716722795698,0.066666670143604,43.047221863281,46.4196073402365,0,43.0637065637066,47.9749034749035,0,39,51,0
positive,10uM,O07,21,7,4379,358,41,1,1.61434758327054,0.850869721839941,0,0.565908503489274,0.145193803045652,118.592208901521,112.25862995779,17.0293863659264,5.88127515565754,5.3851648071345,63.217754372838,62.3055878225156,17.2318174381279,615.627999999998,0.783012963790791,0.442431040025018,0.040531367023517,0.119004004220582,0.09343404116428,0.013760880060506,0.006209691783992,0.023248336207967,0.042903937956218,0.024211633226722,0.024139290188717,0.01904792686833,0.005850122823457,0.025109713812493,0.019605475282788,0.004801310015518,0.006415893351434,0.010710129702985,0.01487774337577,0.016161190544256,0.004179009053497,0.027565751781791,0.02175175491156,0.013967081404715,0.005047408250291,0.003999580283593,0.006365984092953,0.006858538431066,0.00654584227521,0.005117452989865,0.002414028673058,42.5137268230319,413.70589453727,0.074509806931019,0.011764705181122,2.85622346919421,0.450980395078659,0.482352942228317,0.093642570094784,0.094474970207187,0.082352943718433,0.050980392843485,0.04313725605607,0.050412562105092,0.042406809439565,0.098039217293263,393.640011364306,53.8555381426744,0,391.386617949303,52.1004795615437,412,67,0,7,7,7,759,394,55,1,1.30524000618856,0.882836743078184,1,0.6325,0.738695794557804,45.4628209334005,44.7772263544762,10.770329614269,4.56327564845242,4.12310562561766,20.5718253929981,21.3529768973216,29.4615073724705,113.63,0.964421855146125,0.480719369259111,0.009956202717375,0.179622893710118,0.095877532357546,0.00505713283078,0.001789726821972,0.029514029607243,0.050087731812078,0.036725074511743,0.003231232946557,0.001895688067034,0.001522685186335,0.003255720575656,0.006898877991419,0.013628417098211,0.016931907874924,0.001897139608658,0.001276053170603,0.00316339857776,0.001884520060786,0.017109891971754,0.01186669024946,0.013342760177908,0.002235833598271,0.008231463245581,0.001901985275033,0.002506599162563,0.001777885457343,0.002938022247169,0.001495684318228,1,1,12.4078434556723,90.6196102127433,0.078431375324726,0.02156862616539,4.49584672469534,0.482352942228317,0.494117647409439,0.130608878480761,0.119393425840241,0.096078433096409,0.050980392843485,0.050980392843485,0.097325907848046,0.073876837591794,0.122549021616578,397.829193308114,57.3175956066929,0,393.961791831357,55.0250329380764,0,412,64,0
positive,10uM,O07,21,8,2832,321,59,1,1.53914564794403,0.771817536326367,0,0.458474987858184,0.07805110800232,88.793554052198,93.2308961664533,12.1655250605964,4.26183527288141,3.60555127546399,55.9946734690223,56.4588554452234,-23.4192759546425,675.245999999998,0.676621670051368,0.411659146233753,0.103196166613243,0.099194585220222,0.043113897503616,0.046212736155757,0.011577790654968,0.019334159467524,0.027922023264029,0.020891311731749,0.023909270786711,0.00593730979392,0.006499318321059,0.012368446852597,0.021393158385562,0.012129045295257,0.017132102513157,0.019608154924916,0.006566273915829,0.011792180911589,0.008546709191057,0.021477052167193,0.026793077793041,0.01286627298827,0.00818009895343,0.008127580223753,0.001235459768727,0.005219151614935,0.002419645888797,0.012047475594922,0.003362508531263,38.4235308133066,267.266675036401,0.066666670143604,0.011764705181122,1.69973582235869,0.254901975393295,0.678431391716003,0.082277367908579,0.094373825930932,0.078431375324726,0.054901961237192,0.039215687662363,0.025425568653237,0.057576651582199,0.094117648899555,304.18338151382,53.7135562429515,0,303.994350282486,52.0243644067797,316,58,0,8,8,8,493,297,59,1,1.47265194779747,0.91753506385509,1,0.720760233918129,0.669738553394307,39.9691696434386,39.2173431022552,8,3.56256597693333,3.16227766016838,15.7823027813143,15.8939355094628,-14.1320246941106,96.178,0.957281553398058,0.408132051725901,0.037457843835769,0.155954140640953,0.087078602384187,0.033113980812039,0.017059513180926,0.038830675699956,0.048603057957938,0.036551907156726,0.014092129167806,0.016526471712045,0.009319704006129,0.006267533851856,0.007920600495208,0.016405150990489,0.019390669440307,0.001970989463191,0.005568299819314,0.006612876527435,0.005711341830794,0.004304754855961,0.003760726951194,0.004881414485325,0.005967125848259,0.01146083110075,0.008847108864134,0.006773570589299,0.005488747470147,0.003174801425533,0.00345315364787,1,1,10.3254904933274,58.4666682630777,0.086274512112141,0.023529417812824,1.72137660920073,0.282352954149246,0.301960796117783,0.122922505872945,0.11859364759245,0.109803922474384,0.054901961237192,0.050980392843485,0.052251952945049,0.043018961025766,0.141176477074623,294.320410482213,59.784291374781,0,292.604462474645,59.920892494929,0,301,61,0
positive,10uM,O07,21,9,6385,485,116,1,1.49766813431352,0.872558805845522,0,0.658654838044151,0.279574970663341,139.975747748945,141.777995471794,25.0798724079689,8.64586455627929,8,73,68.379425058746,73.5833956926303,535.717999999999,0.881540798011874,0.40443930616059,0.054011245705494,0.145038033497806,0.076970865124037,0.02460971752747,0.013160064161429,0.022427931243489,0.049722104865581,0.02144916241967,0.020930921445347,0.012216991201181,0.003468733724499,0.017258954004218,0.012507903095721,0.016193631986404,0.016798173044445,0.004435903717379,0.014405196054604,0.010286055081854,0.00315612212856,0.003920361737656,0.007531229448039,0.012489554194612,0.013951441039502,0.010626492541035,0.00601892525395,0.01430824570468,0.007043783459648,0.00124342173601,0.003357868569302,36.6980403736234,644.325509946793,0.074509806931019,0.011764705181122,6.04750821520019,0.388235300779343,0.658823549747467,0.101375802137081,0.100912374306467,0.082352943718433,0.066666670143604,0.04313725605607,0.05771826502989,0.05777906290688,0.098039217293263,481.584310705351,91.2726000980942,0,481.259044635865,97.3113547376664,481,59,0,9,9,9,456,484,72,1,1.30801184092432,0.878727916995187,1,0.658008658008658,0.738685443827997,35.1976106685571,34.1760149812701,8.06225774829855,3.61934066633491,3.16227766016838,15.9940537731233,16.8006291748231,66.8661333182456,88.076,0.95,0.497086671574687,0.021042352396233,0.172101775111099,0.102790951506214,0.006579381657257,0.0040361587948,0.028410217169315,0.048338474125416,0.036411669988959,0.008550799298686,0.006014174706211,0.009779878316377,0.003299862174025,0.005377999558783,0.006785133991414,0.015603327722914,0.002739223612314,0.006016864331129,0.007323004154119,0.00893284943696,0.012289502828287,0.014277225470868,0.011022471575075,0.005561412749415,0.007715724342146,0.00076041783463,0.004225583405006,0.00236266999196,0.00572965674046,0.005919248656182,1,1,15.2392160445452,72.2549039199948,0.121568627655506,0.027450986206532,0.608872222483221,0.447058826684952,0.447058826684952,0.205935351953313,0.158453736666655,0.14509804546833,0.094117648899555,0.078431375324726,0.066984633060113,0.055116524167194,0.180392161011696,486.256499322944,76.8297421919328,0,486.651315789474,76.3662280701754,0,492,70,0
positive,10uM,O07,21,10,462,45,105,1,1.60451895178411,0.475485010067808,0,0.402789886660854,0.116587038984499,32.6401073198971,37.1079506305589,6.40312423743285,2.46432194062647,2,28.7231283036425,28.7142800028842,64.2462307023624,223.152,0.544811320754717,0.425977273852346,0.119588202686435,0.067655088419632,0.033050013685919,0.074739323188169,0.011824589720548,0.036884227293542,0.017549447494921,0.01605348840309,0.002972145766525,0.019026979907782,0.011809152362673,0.029481042283534,0.018138587455106,0.009010303301803,0.014621013154019,0.009547237681006,0.005971642097673,0.009432797311061,0.010962713741152,0.008591485786917,0.005075566446854,0.005365385260314,0.009220325983372,0.003179846996938,0.010199496481914,0.004156108451405,0.005920166653871,0.009927202370371,0.002236410766147,16.4117652103305,67.7647078298032,0.072549022734165,0.035294115543366,0.810563937953171,0.709803938865662,0.752941191196442,0.103218649121575,0.146676856774466,0.10196078568697,0.031372550874949,0.031372550874949,0.113056597240471,0.128649842753272,0.158823534846306,41.8159722145112,99.9435763896955,0,42.6017316017316,99.7445887445887,41,98,0,10,10,10,349,43,85,1,1.12443530562333,0.748787608696729,1,0.706477732793522,0.705680578254091,26.3933308406333,27.459060435492,8.48528137423857,3.40424545026267,3,16.9876517176692,17.493764031842,63.8107317872049,78.834,0.885786802030457,0.587915672886652,0.090451670396477,0.171428174634226,0.086914262748219,0.021278676338665,0.013615478158415,0.010361958689827,0.014073998187672,0.014940219202258,0.012689623540314,0.020509466770359,0.005839937852877,0.022236308963877,0.008159777770945,0.018786857202415,0.009532914764044,0.009215922445671,0.011290513605111,0.008335847340338,0.007607394895146,0.002551708445809,0.009755226402696,0.005581933612263,0.011096236704947,0.007459168464607,0.006797702041539,0.004564496660892,0.010679102314223,0.008862080174777,0.005982863690527,1,1,9.76078461483121,40.9607854932547,0.054901961237192,0.031372547149658,3.51420895093664,0.709803938865662,0.709803938865662,0.147890675982291,0.117366147545142,0.078431375324726,0.031372550874949,0.015686275437474,0.176102831874775,0.117853860618197,0.117647059261799,44.7429391940714,91.53786500929,0,44.865329512894,88.0257879656161,0,42,98,0
negative,30nM,O16,47,1,4709,452,20,1,1.3384433382997,0.666678268508298,0,0.602096918552615,0.336073659788217,101.429277582943,98.3259884262548,20.8806130178211,7.15986637474409,6.40312423743285,71.3199723887949,75.5998673130206,-22.1333671758019,419.615999999999,0.824837975126992,0.602076488186143,0.067940538066655,0.101625032528869,0.062658668126723,0.024651647540225,0.005407004425251,0.084488306486611,0.012623380716286,0.008659160418107,0.053722460406215,0.004631120757182,0.019514686457356,0.017715922700603,0.02283820397947,0.000735283982783,0.001445629863085,0.023882769028202,0.0063862744501,0.00912861034943,0.013841678805832,0.003095526501861,0.003966049621937,0.006140158046394,0.002564000301857,0.003830493654471,0.008299563010349,0.0138198272797,0.007811214333385,0.001166441810044,0.006596325468096,96.7960812449455,1431.49023935199,0.258823543787003,0.039215683937073,1.23232480604178,0.596078455448151,0.647058844566345,0.30535041402191,0.303990282300273,0.294117659330368,0.184313729405403,0.141176477074623,0.077416320119822,0.065322047809194,0.333333343267441,433.343884077994,37.194323799306,0,433.622212784031,35.9938415799533,419,49,0,1,1,1,794,427,40,1,1.19247539570208,0.835335194203114,1,0.727106227106227,0.799236337633232,43.0347100821281,42.5440947723653,11.6619037896906,4.91932436959967,4.47213595499958,23.1166035241029,23.6579424512264,25.5190054251359,111.732,0.965349544072948,0.558537126253988,0.014780144864836,0.185745832573599,0.099613915868074,0.014462602168076,0.004871842151896,0.007036217874623,0.037046816535173,0.033274570236504,0.003367559712802,0.003878054135493,0.005068124155877,0.016674893965524,0.017404528788018,0.002128565379736,0.014798904966863,0.007305015943506,0.007180164596413,0.000290630024512,0.004708149299461,0.009567105990719,0.013907967230829,0.016159466410268,0.007810848443336,0.008284975771508,0.004158749020165,0.004938498321525,0.000535028385878,0.001705379263984,0.003676996716798,1,1,39.4117654561996,275.23530164361,0.30588236451149,0.031372547149658,0.135502336348353,0.623529434204102,0.623529434204102,0.41053922350208,0.346643956729987,0.333333343267441,0.26274511218071,0.18823529779911,0.066988632838078,0.055216381189162,0.372549027204513,424.024748868505,39.1703497882396,0,423.904282115869,39.1083123425693,0,420,49,0
negative,30nM,O16,47,2,2950,322,21,1,1.39473966472084,0.756713887289534,0,0.521385648639095,0.310104095855498,85.5714853546645,85.0705589496155,17.8885438199983,5.74096705475395,5,60.561158013731,55.9420332983841,26.3646643667512,345.749999999999,0.825636719843269,0.513439022369756,0.063949664431511,0.129978301337183,0.068036610124281,0.026994495825226,0.02404078806415,0.030588901072803,0.041552927782074,0.037773860965555,0.028023873571256,0.012954624273509,0.005502709343526,0.000746602973845,0.013973811244635,0.014384225040117,0.00515085628383,0.03124827448799,0.007690876624978,0.003579971539792,0.011720079001865,0.024623267106835,0.01544192696884,0.013631734325228,0.005133227467013,0.007255679737153,0.003154065862838,0.006931296374423,0.005590569296166,0.006750289847396,0.001279215784235,73.0352964103222,759.980417534709,0.235294118523598,0.023529410362244,0.89837213879391,0.352941185235977,0.384313732385635,0.257166536656064,0.25762048052024,0.258823543787003,0.184313729405403,0.14509804546833,0.036620346830156,0.033563835574462,0.278431385755539,337.651110778666,33.6516628769929,0,336.879322033898,33.1918644067797,365,46,0,2,2,2,385,341,44,1,1.24645554124069,0.83707004296193,1,0.776209677419355,0.624663354795678,30.7041715139426,30.8058436014987,8,3.3157474137471,3,14.961880497461,16.7981212797562,0.819805823669826,88.006,0.889145496535797,0.504881800505027,0.009478692902314,0.18890539095809,0.084982759481725,0.006337557153224,0.016191138541595,0.017132135478203,0.048761907106918,0.017510955716936,0.004776067230763,0.006152441588859,0.016092303119232,0.00958703865874,0.00846278975255,0.003255708761482,0.008084938466156,0.00218004280616,0.003341617233204,0.008869272676486,0.01307557465162,0.012600366598098,0.014513321981633,0.013767524185717,0.013355340574081,0.007961143597843,0.003785500863882,0.002970201780924,0.004827673841141,0.009182317090227,0.008419594434725,1,1,21.2431381046772,110.298043385148,0.26274511218071,0.019607841968536,0.252933832922385,0.352941185235977,0.458823531866074,0.287069433846989,0.286488424377008,0.282352954149246,0.227450981736183,0.200000002980232,0.028271334991873,0.033843284493321,0.30588236451149,340.49836450674,43.5557491263942,0,340.251948051948,43.4987012987013,0,345,47,0
negative,30nM,O16,47,3,5436,224,109,1,1.29287666293183,0.762284792778701,0,0.619275461380725,0.069279510518897,112.137098973998,122.11470017979,28.2842712474619,8.37095528426892,7,76,72.5798131981762,-73.0890636567769,992.983999999997,0.748296510427421,0.464144994982588,0.028575536418519,0.182101269130984,0.057342280830911,0.03390010206737,0.010230029024379,0.011245293811597,0.021132570229489,0.016639415441072,0.01341897954336,0.015535742174104,0.006929855408928,0.009846231286242,0.029540301566187,0.006261182262856,0.007900135520089,0.004766643680884,0.012547127116063,0.011645458760194,0.005027781850887,0.004997093402084,0.019697808509349,0.014135227544474,0.002608529865843,0.006579457481529,0.007297721495921,0.004669191301012,0.010634711080986,0.006862184321729,0.003788559656742,140.960786730051,1181.11767187715,0.192156866192818,0.023529410362244,0.884881609802997,0.388235300779343,0.423529416322708,0.212610538054376,0.217276981581521,0.211764708161354,0.164705887436867,0.105882354080677,0.030819121563441,0.041261565149649,0.235294118523598,220.704221651717,98.5547619842572,0,220.547645327447,99.425680647535,214,85,0,3,3,3,814,215,64,1,1.11950527892765,0.78501958113151,1,0.691001697792869,0.798028965874446,40.9600710634213,39.9624824053762,12.2065556157337,5.15768160156022,5,24.4764037314031,25.3735741121103,-58.7507008198035,113.216,0.952603861907548,0.648649891508063,0.006975733218225,0.177471722848343,0.105189052388303,0.005554115909286,0.005425144008604,0.015320551773491,0.016148703830821,0.027758423980031,0.00399527584289,0.002314140886802,0.001695348334272,0.021781738380424,0.026319405593866,0.015981312349017,0.009317746509662,0.001463115972628,0.001813486986618,0.002962065858823,0.002000931276131,0.002543866283396,0.007028468406384,0.01235115496297,0.013420867528901,0.003588747199597,0.001188495864916,0.001240501186571,0.002075249357659,0.001241404656581,0.002952938732552,1,1,23.6588241010904,189.007847845554,0.200000002980232,0.027450993657112,1.26404506778718,0.384313732385635,0.39215686917305,0.254395958076241,0.232196373274637,0.227450981736183,0.14509804546833,0.133333340287209,0.053822792594777,0.0453606933816,0.258823543787003,213.609353261257,67.684316523165,0,213.885749385749,66.45085995086,0,207,77,0
negative,30nM,O16,47,4,3862,269,80,1,1.32931823266666,0.606677756299196,0,0.546406338426712,0.193352659115346,89.3838760823041,101.552941857929,17,5.83367872328077,5.3851648071345,70.6428608785307,71.0555210041282,-58.8590452778885,500.997999999999,0.778550549339784,0.476801233566101,0.035658323076755,0.169261275945461,0.033946986677637,0.005616812249062,0.018451678634727,0.026313319233962,0.017785633720137,0.029964888279957,0.039160768869569,0.020615961482646,0.003642649748953,0.038300610011328,0.018088238657418,0.023142558407575,0.013145598572738,0.029205883590454,0.002996647184323,0.00596662925571,0.004215351967605,0.00867133079139,0.014574072468892,0.008956355344167,0.011637526965835,0.010215256306324,0.004619898916329,0.012611420363246,0.004078622773351,0.004588855499007,0.000364931651143,96.5725516974926,964.764734864235,0.215686276555061,0.031372562050819,2.30231452315642,0.388235300779343,0.423529416322708,0.248258487654223,0.249809615449051,0.250980406999588,0.184313729405403,0.125490203499794,0.049927914032991,0.045285078728022,0.282352954149246,283.014942249175,64.4459525892642,0,282.228896944588,62.2819782496116,279,92,0,4,4,4,507,292,62,1,1.0450611528023,0.659292296673778,1,0.704166666666667,0.824518772196555,29.3919317792877,30.364452901378,11.1803398874989,4.33986883784657,4,21.9134661794979,22.0994037240255,15.9347447557558,87.904,0.943255813953488,0.700143654209032,0.019580514104058,0.186758295454364,0.071925399963277,0.006326495126638,0.002610011313854,0.050554197748427,0.003459940866378,0.02475802788608,0.003637651864587,0.007849314676368,0.003691780541845,0.021528766445152,0.02215546464474,0.009781725632263,0.013082850654654,0.005681757966395,0.002266729317194,0.00152388534193,0.004758480680623,0.020742816020846,0.006790737604091,0.005023220675203,0.00773310602195,0.008570392550173,0.002445980628643,0.00543051330018,0.003877305013178,0.004619387067407,0.003898913237017,1,1,19.9137263000011,136.227455705404,0.243137255311012,0.023529410362244,0.281789251863544,0.368627458810806,0.419607847929001,0.280475018309875,0.268693206519535,0.266666680574417,0.211764708161354,0.192156866192818,0.030095949180404,0.037287400123142,0.286274522542953,290.723041045305,61.8055731591123,0,290.913214990138,61.5976331360947,0,290,66,0
negative,30nM,O16,47,5,2817,357,99,1,1.55411224181411,0.698414139187361,0,0.446151409566044,0.250352378378767,85.7544383484491,82.7647267862342,14.142135623731,4.76983325926046,4.24264068711929,60.4334073283269,61.3739243312175,-32.0282674592019,376.029999999999,0.749900173033409,0.504543245517156,0.021837820354168,0.107194119747023,0.06472059790064,0.014396242832389,0.044236138340358,0.066826167321133,0.033925189505765,0.017111930423676,0.008950760022055,0.024716441452231,0.019850066405873,0.04542404689294,0.021017354839516,0.008245116831316,0.009982814047839,0.005399735254084,0.010856562143175,0.008093304968042,0.009824744088852,0.022030219452978,0.017317365934613,0.006262225977963,0.005076045392104,0.004301542730892,0.011712699211618,0.008217191735501,0.013274849433205,0.007477609887995,0.012483737753281,92.8588265329599,866.325518324971,0.274509817361832,0.031372547149658,2.14782309745142,0.552941203117371,0.556862771511078,0.301489696535584,0.30753479528753,0.30588236451149,0.184313729405403,0.168627455830574,0.061797561380005,0.049938833755633,0.337254911661148,359.963501502193,81.4807864961954,0,361.25736599219,79.7664181753639,349,109,0,5,5,5,647,368,76,1,1.42433224254921,0.810759229322108,1,0.572060123784262,0.580781140015977,41.8140966104985,39.560080889705,8.94427190999916,3.65571701762229,3.60555127546399,26.6835670005971,24.477126147457,7.06394226269433,118.318,0.818987341772152,0.520032674016635,0.099569584494656,0.097536212954025,0.090756362358816,0.055390662517633,0.028933458916385,0.009399337851579,0.040510486233267,0.03048560908572,0.029713264316784,0.012931301907882,0.026915234655736,0.005070653808936,0.002541446647532,0.01499541183531,0.020695179473601,0.005533119876555,0.00337333301778,0.004661895127735,0.004316277655423,0.002325007578149,0.005538982117639,0.003898431497196,0.006622220008255,0.00489651157745,0.002175758092077,0.006850522784527,0.006067385552471,0.008676317976657,0.007372389565664,1,1,31.3647069782019,188.36079134047,0.266666680574417,0.023529410362244,0.125109563395496,0.470588237047195,0.470588237047195,0.30451171823497,0.291129507481407,0.286274522542953,0.223529413342476,0.200000002980232,0.042922847536332,0.037495802170663,0.313725501298904,362.081029315194,78.8149150520191,0,362.205564142195,78.8268933539413,0,359,70,0
negative,30nM,O16,47,6,4812,494,78,1,1.52522621828329,0.821307124050191,0,0.529372937293729,0.283219855403447,118.561305635915,121.016527796826,23.8537208837531,7.53769239435743,6.40312423743285,63.7109821322904,67.6375994839795,-38.3018575498245,462.067999999999,0.794846382556987,0.418356346143093,0.080518505403201,0.120414338067445,0.059763936724789,0.045046220608369,0.022852875452734,0.024184404577117,0.030918628814461,0.021593729089555,0.022815977418275,0.010483319703551,0.013344093637008,0.007017993927267,0.003249444917677,0.010661589637102,0.008474799949893,0.033115327342486,0.015848645864144,0.013968996811996,0.004581569718254,0.014246817544989,0.013140594751043,0.00780768208383,0.010905024531002,0.006449650896916,0.018867992384105,0.013586973849512,0.00964363432349,0.002775562863075,0.002087148424775,113.400002896786,1545.31377200782,0.282352954149246,0.035294115543366,2.31054994815689,0.52549022436142,0.52549022436142,0.326801161085838,0.321137525354909,0.313725501298904,0.200000002980232,0.164705887436867,0.067821442268763,0.053514392093084,0.352941185235977,466.166585912008,93.3967109646191,0,466.541562759767,91.116791354946,455,126,0,6,6,6,813,454,99,1,1.3330761188598,0.890929613320158,1,0.57823613086771,0.743984303671745,47.827649785904,46.0977222864644,10.6301458127347,4.68297858079577,4.24264068711929,20.5060966544099,21.7205165125604,-45.2818602393616,117.184,0.967857142857143,0.487126470526912,0.014977957836714,0.169876836024359,0.103834650253968,0.013536012066833,0.005603079127337,0.032438142958362,0.04673422445037,0.041057111454166,0.002233604252573,0.006361160576375,0.000895054371081,0.003440252585812,0.002568679990434,0.009285001213143,0.019414642481914,0.004420003163187,0.002030631705895,0.000678801800956,0.000741868224116,0.012297138260372,0.013020240106219,0.01042081397883,0.003071854591104,0.0098257234952,0.004811240772334,0.005176639034316,0.004246581490486,0.0017277641723,0.001097306830294,1,1,29.8823539465666,253.074518784881,0.290196090936661,0.019607841968536,0.161237165879623,0.501960813999176,0.501960813999176,0.317897382410283,0.311284770953113,0.309803932905197,0.219607844948769,0.219607844948769,0.041029431319969,0.030395970925146,0.329411774873734,453.519989461872,99.1819350907972,0,453.471094710947,99.0282902829028,0,449,89,0
negative,30nM,O16,47,7,1770,286,103,1,1.91764487817966,0.870524022698999,0,0.484665936473165,0.247729517085333,83.3211385147992,83.0240928887513,11,3.79481424697933,3.60555127546399,40.5397902787244,41.0044923506836,8.37068252056982,299.641999999999,0.76260232658337,0.326945305988864,0.047779890148511,0.107996908571066,0.05599403676482,0.039199372343419,0.01215124676219,0.023931446088856,0.034874420660577,0.025973980036182,0.01289916236239,0.01161845568169,0.008823801340233,0.034531906491736,0.00782556313377,0.022376139207552,0.013487063576818,0.030106160549069,0.007843113808847,0.009298993042275,0.005849368072815,0.010315899475904,0.010605582574597,0.009914354090533,0.009471722474225,0.00819244841695,0.024619084907639,0.015387379456244,0.00350752293573,0.006074772930258,0.00419501880403,118.905886113644,957.854933440685,0.462745100259781,0.074509799480438,2.25859946772846,0.764705896377564,0.82745099067688,0.475623544454575,0.54116097934502,0.560784339904785,0.254901975393295,0.235294118523598,0.112848233811546,0.115376377229892,0.623529434204102,311.67102555092,105.97273731331,0,309.800564971751,104.706779661017,329,112,0,7,7,7,502,315,106,1,1.17333444431726,0.827132727463158,1,0.777089783281734,0.788940498377188,33.7904469698776,33.3766385365573,9.8488578017961,4.05063133978598,3.60555127546399,18,18.990455197534,4.5812260978014,89.42,0.949858088930937,0.573757855886043,0.042890995142114,0.181085821103175,0.097594884998669,0.022715228102947,0.019999805126094,0.00540108601172,0.028024820579563,0.032474443200737,0.008688459798773,0.00263805496757,0.010618418958998,0.017507567529809,0.016433680471767,0.004032998490952,0.012992206046171,0.013553507601202,0.013781546365177,0.004458902633672,0.006244728267249,0.007976859864523,0.009331243460033,0.010898163085533,0.005735389100891,0.005584528421368,0.002928979084239,0.006060456253096,0.008250834257944,0.006685002799273,0.004238176951521,1,1,43.9058840274811,255.447065114975,0.458823531866074,0.039215683937073,0.610481566645966,0.764705896377564,0.780392169952393,0.577709000361593,0.508858695448157,0.490196079015732,0.470588237047195,0.372549027204513,0.071316080480044,0.072711487210771,0.54705885052681,313.145120467222,105.785550910028,0,312.535856573705,105.747011952191,0,320,101,0
negative,30nM,O16,47,8,3577,407,137,1,1.49353526034665,0.627367733172558,0,0.505154639175258,0.290631544951541,91.900819828212,96.8762096698668,17.0880074906351,5.94106995773304,5.3851648071345,70.6818120313578,71.5652949027347,-81.5419249061098,393.271999999999,0.771487113124124,0.476464651284032,0.06147879207159,0.121733199567937,0.035311780241939,0.028133551163858,0.050142693465056,0.037749565943282,0.033859177328252,0.037564207796732,0.031468895498312,0.030470080083512,0.007994412367056,0.018727160329361,0.006545806832242,0.020082042662453,0.003548998260029,0.030206028859879,0.010025780203956,0.011426826529311,0.012820760737729,0.000759382877169,0.011428853218173,0.009497991968515,0.004226007354288,0.007672587794453,0.019763045425636,0.004335702195381,0.001756242167583,0.002937319769691,0.002573383021589,89.4588266313076,959.325521662831,0.239215686917305,0.027450978755951,1.27804027250401,0.419607847929001,0.443137258291245,0.278687933430865,0.268192765351644,0.26274511218071,0.184313729405403,0.152941182255745,0.043565287437253,0.040760589844194,0.294117659330368,397.525332270036,120.08713235385,0,397.892647469947,118.86301369863,386,124,0,8,8,8,614,397,109,1,1.04195306608412,0.653778556915025,1,0.730952380952381,0.83888956580808,32.2120845181607,31.8904374382039,12.2065556157337,4.76039122886734,4.12310562561766,24.0416305603426,24.3744311704135,-53.6840578070335,95.904,0.948262548262548,0.768701160734897,0.023947408594297,0.151517486548821,0.084406732647302,0.007648867281335,0.013344563546056,0.051367665211705,0.017079362826734,0.016469519577553,0.004109200870053,0.008440047921439,0.008260351896289,0.007813298718936,0.017935199688174,0.015234540848878,0.00280683585444,0.005326527515665,0.007372715469489,0.005424694175831,0.002788160995913,0.013987316289691,0.013750269895441,0.003864434125041,0.008388932665117,0.003045158457116,0.002161097069651,0.0013132034567,0.006315281420654,0.003953688557684,0.000943886995742,1,1,22.670589029789,170.780398234725,0.250980406999588,0.023529410362244,0.630788119017744,0.419607847929001,0.419607847929001,0.286969481389734,0.278143971066327,0.274509817361832,0.200000002980232,0.180392161011696,0.044589641425991,0.037004705505859,0.301960796117783,396.994144522701,108.962524979277,0,397.410423452769,108.488599348534,0,391,122,0
negative,30nM,O16,47,9,125,14,139,1,7.11437532509576,0.905104800620613,0,0.178571428571429,0.046862837475316,43.7984868005011,35.4682957019364,2,1.04719595949289,1,16.4516782767232,18.6226149322687,-72.5619884528287,183.082,0.276548672566372,0.124331448946261,0.017338267740995,0.010027554271133,0.039584433193264,0.006095609278477,0.00519570968944,0.009908257963673,0.003788190928451,0.019904890299631,0.008792827877797,0.001305503467193,0.003113780324581,0.007256840817429,0.014126946506633,0.001358028429204,0.011505605832506,0.004525235774129,0.006974561830394,0.004227164792712,0.002327833809284,0.006994939109026,0.011187014798438,0.010981792533467,0.002223301169283,0.006440179577117,0.004928161363411,0.004835461375621,0.001904074679063,0.005465736890364,0.001719725946409,18.9960789829493,20.7725496143103,0.146078437566757,0.019607841968536,0.742873533685056,0.23137255012989,0.23137255012989,0.165183295503907,0.166180396914482,0.164705887436867,0.098039217293263,0.098039217293263,0.025884665667783,0.025811733907063,0.18823529779911,18.4181612520754,129.437228575656,0,18.8,128.8,17,144,0,9,9,9,350,19,130,1,1.50746152580534,0.914619104912788,1,0.623885918003565,0.638350108192385,34.0117001067499,32.7566787083184,7,2.99298932168429,2.82842712474619,13.6711129341784,13.7514941016644,-76.3355949186246,83.006,0.925925925925926,0.415315788124238,0.053967346639444,0.141272615283501,0.088398119801937,0.050407945088886,0.020154607687665,0.024020197309925,0.044232971767356,0.03631026645802,0.020445623900743,0.021567443848208,0.00792739977851,0.004656954034861,0.006061709836532,0.012594785750167,0.02090179050635,0.00261297829766,0.007490497463847,0.003252506173008,0.004689670708245,0.005783353410099,0.006524823776263,0.00762202201341,0.005830763385228,0.012949849148032,0.006590939681882,0.008632018709829,0.005658729138279,0.001679828668249,0.003363749015486,1,1,11.1764709576964,57.411766409874,0.14509804546833,0.019607841968536,0.453016932080743,0.219607844948769,0.270588248968124,0.159663870824235,0.164033618313926,0.16078431904316,0.098039217293263,0.098039217293263,0.022372518344269,0.027848039441275,0.180392161011696,20.2273224144424,126.642622926017,0,20.3828571428571,126.217142857143,0,17,136,0
negative,30nM,O16,47,10,5599,268,147,1,1.44644283176035,0.816989213559967,0,0.559340659340659,0.267674653964407,124.206336337233,132.003787824441,26.9258240356725,8.3400382677151,7,74.8,71.6239502772617,-1.56610343114737,512.691999999998,0.775753377208175,0.409117257444601,0.051851049933835,0.153873011674111,0.055944177866509,0.057023643896319,0.012607552540223,0.004527760209062,0.030753768099236,0.020428288056425,0.022237592321561,0.010449535349282,0.007311194068806,0.017790057251769,0.015491996588487,0.006368864698057,0.013931414272087,0.015384826050625,0.010420286654131,0.008215406954796,0.003154748109883,0.003341109595836,0.012704482220972,0.011475716988407,0.010330004759101,0.009126479378388,0.008173655524605,0.019961058946576,0.007097682480806,0.00301708252072,0.001866987702043,138.494121193886,1720.91376992315,0.235294118523598,0.062745109200478,6.1346970553202,0.643137276172638,0.643137276172638,0.336968664705318,0.307360916221316,0.298039227724075,0.184313729405403,0.121568627655506,0.111504116436496,0.090102148360446,0.356862753629684,295.351625865715,143.412788019651,0,289.742632612967,145.89748169316,334,123,0,10,10,10,697,311,142,1,1.29709075942463,0.879405537268209,1,0.721532091097309,0.746519879087562,43.3283440951724,42.7200187265877,10.1980390271856,4.44017657143259,4.12310562561766,19.9969228402003,20.6274729468382,15.5441986509298,108.318,0.966042966042966,0.484877525255309,0.020086666324483,0.179296976259126,0.095150767692185,0.018370952367269,0.002564166566322,0.026207789338943,0.04875091437681,0.036088409328631,0.005862379173347,0.003254602694098,0.001944437059096,0.004938783819742,0.006296860988904,0.012424626037672,0.016816262904921,0.006199510984653,0.003504442701771,0.003864742615169,0.002501391318222,0.01415032634755,0.010798930544443,0.013239118619141,0.001091503640556,0.008627586515272,0.007325874088303,0.007335624786513,0.003180946788054,0.003758381494181,0.001945145754006,1,1,37.8352948129177,247.019614338875,0.317647069692612,0.027450978755951,0.822190735953702,0.607843160629272,0.607843160629272,0.411253204488236,0.354404037788917,0.345098048448563,0.298039227724075,0.250980406999588,0.058444982432797,0.052940917639693,0.376470595598221,313.561343032846,141.97286870055,0,312.748923959828,141.846484935438,0,333,146,0
negative,3nM,O22,66,1,248,148,4,1,4.04677056189765,0.838631839720106,0,0.232645403377111,0.040947501462889,44.3968568990909,42.5440947723653,3.16227766016838,1.33313833697343,1,22.4217717644392,24.1829087546488,23.3441914293373,275.877999999999,0.325459317585302,0.174454921046586,0.018888443916764,0.04720325452378,0.03532589925911,0.051296931732101,0.006226578017901,0.009991229743027,0.005275180624418,0.012005129257858,0.020343433391707,0.027508620856168,0.004176052235959,0.019523200090997,0.006747149173766,0.00760787740568,0.005471003688043,0.010534804832674,0.006931440748772,0.013359200209137,0.003691460900598,0.013368593768127,0.005922362495606,0.0076880765578,0.00706890703365,0.003105003393349,0.002507950782612,0.002200992284747,0.005633760218065,0.006955994739578,0.002880750889646,33.6392163559794,51.3411774560809,0.176470592617989,0.023529410362244,1.35171649882327,0.301960796117783,0.301960796117783,0.201432433269338,0.207020876839036,0.215686276555061,0.082352943718433,0.082352943718433,0.042824142235394,0.040067517486096,0.235294118523598,154.917659665554,9.78093492019636,0,156.233870967742,10.0887096774194,152,3,0,1,1,1,469,168,13,1,1.04107939375434,0.635095335542833,1,0.751602564102564,0.867595890729606,27.9413968749936,27.8028775489157,10.770329614269,4.21087432092918,3.60555127546399,21.019038988498,21.5828782692181,34.4721899646843,82.42,0.954221770091556,0.770355237159641,0.060979084790855,0.143208297330827,0.076721215851444,0.019387230130374,0.014196160373119,0.042875123182527,0.013984613698306,0.019157085928965,0.021862971506584,0.010655672587347,0.013989187024382,0.007274905040652,0.012190998763171,0.007904603609431,0.00372752930367,0.009649933097638,0.010952407564054,0.001686167225826,0.009492933923908,0.008399093981966,0.00971409659418,0.003508114239016,0.007537192002204,0.001563766735636,0.007928672525371,0.008883749585862,0.003325045504033,0.006468121974814,0.005975009110929,1,1,12.129412047565,75.8431393764913,0.141176477074623,0.019607841968536,0.272592745847683,0.282352954149246,0.282352954149246,0.175788580399493,0.161712450696143,0.16078431904316,0.10196078568697,0.0588235296309,0.034245783261864,0.03145330583435,0.180392161011696,166.601189258305,12.4810237814308,0,166.869936034115,12.5266524520256,0,155,13,0
negative,3nM,O22,66,2,3640,511,31,1,1.28336427635866,0.660624405472416,0,0.704607046070461,0.29374810542196,87.112370980898,90.3548559846121,18.8679622641132,7.25753211109523,7,62,65.3967018803178,-4.05847071359311,394.609999999999,0.838902973035262,0.560815441326523,0.040657501442713,0.151361468618258,0.05335250849797,0.033177030760803,0.006000942975632,0.071888652249296,0.019060627374425,0.007857691512161,0.021291089975431,0.010271518517386,0.012918676988047,0.04416451622668,0.028621104157426,0.003771218970146,0.017439623145048,0.006268720553039,0.004877333449056,0.008046932912921,0.004508458257798,0.000517694899598,0.013788639319831,0.008681372834023,0.010813383526357,0.008111585557142,0.016421833689109,0.013658108245558,0.002353635370494,0.005077330781551,0.00333029361292,68.572551086545,1026.4431719631,0.250980406999588,0.027450978755951,1.05291761439768,0.466666668653488,0.521568655967712,0.285718962860604,0.281989882407444,0.278431385755539,0.152941182255745,0.14509804546833,0.053983437303439,0.04514541010265,0.309803932905197,473.845550771846,29.4740527734788,0,473.053571428572,28.7802197802198,489,30,0,2,2,2,519,478,20,1,1.17083930277647,0.82439720519116,1,0.763235294117647,0.80815701368477,34.2608414967943,33.734255586866,9.8488578017961,4.10401731567069,4,19,19.3920372460521,-8.30808505839519,89.834,0.947945205479452,0.578440109515008,0.009962367943285,0.187782196253816,0.099804965362,0.004055606751036,0.008770068237679,0.002527171645041,0.032126126360494,0.031917429534016,0.005950593678761,0.003450299633997,0.007541803473137,0.018605234018296,0.023948068408292,0.000809741921522,0.010984166094824,0.001217254604224,0.003860490310114,0.003176667630788,0.005377975732179,0.014584515602978,0.011214414472758,0.016069653896941,0.008030657043901,0.003849740282034,0.000676551834356,0.002938104851443,0.002382911631571,0.002680608997565,0.003546150055633,1,1,20.8078439235687,145.870593741536,0.258823543787003,0.023529410362244,0.19816975012018,0.34901961684227,0.380392163991928,0.270231739267126,0.281060874261149,0.282352954149246,0.152941182255745,0.152941182255745,0.032431714742864,0.034847018801553,0.30588236451149,480.151114324203,19.825711752592,0,480.258188824663,19.6589595375723,0,491,23,0
negative,3nM,O22,66,3,1427,121,18,1,2.16722547895423,0.880582019392172,0,0.330324074074074,0.057686266013128,80.107748107319,77.3369252039412,11.0453610171873,3.01131939017669,2.23606797749979,43.7166807008564,37.9625629155509,62.1376561173953,557.545999999999,0.597446095876073,0.289343262821669,0.008697035098101,0.107381349610762,0.057688174435769,0.012152247644894,0.010789892999657,0.005771020588508,0.049756913289856,0.009483711406016,0.025814516333227,0.012283104761582,0.017315798172577,0.000998150285115,0.00959362433307,0.010781128702441,0.004700678046785,0.017019701564428,0.010662364131126,0.018712403157925,0.012516593398384,0.000676131009604,0.010527859161209,0.006867189985379,0.00746989283526,0.001313518723868,0.003404415673196,0.014577028821692,0.006621004603984,0.014509471679081,0.005435770929337,86.6431393176317,381.082364425063,0.235294118523598,0.027450993657112,0.309932129690398,0.400000005960465,1,0.246145282152363,0.26705141165036,0.26274511218071,0.14509804546833,0.129411771893501,0.029835701945506,0.049425914081919,0.294117659330368,128.72652711445,32.0355540207095,0,128.859845830413,32.3153468815697,130,16,0,3,3,3,425,137,42,1,1.25819702045103,0.850474080820221,1,0.637181409295352,0.712794432000871,32.6903295308415,32.2490309931942,8.54400374531753,3.44610706883335,3,17.4,17.1956676258977,56.4241954118183,86.56,0.92896174863388,0.517865699445167,0.029992279025345,0.178677321614351,0.095015205955874,0.021257886249067,0.00901100336154,0.015731020907923,0.043546105860751,0.029856145362812,0.006828972662141,0.015128732994414,0.012483768268895,0.006441352057514,0.010038843444567,0.004158549274126,0.014239484994836,0.009652875846044,0.008936575023474,0.012667949057662,0.00805783375632,0.009534865907188,0.011002665714883,0.013886310943401,0.003530067433454,0.008094200123421,0.004352293944275,0.006721041986273,0.001883779477031,0.006734408162469,0.00349741627582,1,1,16.737255319953,95.7803942188621,0.200000002980232,0.02156862616539,0.241727168613924,0.376470595598221,0.376470595598221,0.239103647427899,0.225365633456146,0.221568629145622,0.14509804546833,0.117647059261799,0.047541742683161,0.037401073685776,0.24705882370472,136.204511961653,40.0419669216152,0,135.990588235294,39.9294117647059,0,144,53,0
negative,3nM,O22,66,4,3588,291,0,1,1.43339860202325,0.742004179143661,0,0.582278481012658,0.155617602493578,94.9281972090294,99.0858213873206,21.0237960416286,6.52571251782757,5.8309518948453,65.318734386195,63.6394129892809,-63.6558709253669,538.271999999999,0.76544,0.465306934865529,0.066601266541311,0.135895206135005,0.062982462068675,0.032675322851057,0.010425900027083,0.053956878654778,0.032996274817755,0.019601650983511,0.011229148743827,0.014971478933252,0.001315325389702,0.059308764790366,0.016171668937439,0.00731441180332,0.009379259503588,0.01230687078074,0.016444580255361,0.007367121427813,0.002910136755291,0.028092602845983,0.004667520300838,0.008461984106973,0.007572735655534,0.005510941645615,0.007623060020726,0.002420454347389,0.003082583414187,0.007186265314834,0.002916001022058,105.858826458454,1045.75297288597,0.250980406999588,0.039215683937073,1.85333206685122,0.627451002597809,0.627451002597809,0.293237746422311,0.291458465129868,0.286274522542953,0.20392157137394,0.14509804546833,0.059091537008,0.054958969517585,0.325490206480026,274.664506655692,38.1730472913698,0,273.292084726867,36.9275362318841,297,26,0,4,4,4,664,282,33,1,1.03595409812049,0.617429493224529,1,0.745230078563412,0.853002356438726,32.9176433528692,32.7566787083184,13,4.94269331173456,4.24264068711929,25.466240628815,25.8938815901446,-18.046763021446,98.904,0.951289398280802,0.787913380898554,0.044817441981057,0.139686773610834,0.077371856843511,0.018771359758023,0.015588325123703,0.049321083680893,0.019506589246006,0.009353657233768,0.013147952624761,0.012503056539825,0.013478380769633,0.004756743755023,0.011058091462075,0.014004492365352,0.007333360315596,0.007135534452552,0.013580245095536,0.004120286092419,0.005902251489638,0.013659091348574,0.008564160746704,0.008521977585593,0.003754054898043,0.008063773206317,0.005116612281744,0.005166891626935,0.006159555009533,0.004289372919418,0.002158174050723,1,1,26.9803929775953,199.996085554361,0.270588248968124,0.027450978755951,0.536067580318912,0.537254929542542,0.627451002597809,0.329029182653602,0.301198924027653,0.298039227724075,0.23137255012989,0.176470592617989,0.055285296515803,0.043642727591617,0.325490206480026,284.616541472133,32.3925567150335,0,284.084337349398,32.328313253012,0,297,26,0
negative,3nM,O22,66,5,2101,328,18,1,1.50164836253254,0.865292679600728,0,0.506509161041466,0.276722894062851,80.0430567117657,89.9388681271896,15.6204993518133,5.38026421382107,5,40.848005207253,40.1229407802138,-57.8550039133774,308.883999999999,0.807300672430355,0.330705437444502,0.04526816672633,0.154083089343122,0.049005752919698,0.036020727882731,0.011970279418418,0.028260265219051,0.045576790960772,0.016840817749364,0.002926857120967,0.020327099641944,0.00376492889473,0.000887796758556,0.017530668663091,0.014360876233337,0.011079370687,0.015865332430151,0.011951347426213,0.005332515885069,0.002894274525453,0.003696940944711,0.007711237342912,0.006786166149088,0.011724278239493,0.007083855081654,0.013971759682646,0.012539072078875,0.003282986149655,0.005483316968639,0.001446426257599,71.0000020414591,625.18433393538,0.26274511218071,0.031372547149658,1.15834889441929,0.482352942228317,0.486274510622025,0.321266977563163,0.297565128003513,0.290196090936661,0.219607844948769,0.152941182255745,0.063404665380878,0.051788530748026,0.325490206480026,323.474275872214,28.328129092608,0,324.349833412661,27.5697287006188,307,34,0,5,5,5,229,314,35,1,1.06592722281415,0.710231700617119,1,0.748366013071895,0.864537918180583,20.444015288366,19.8494332412792,7.21110255092798,3.01891099744132,2.82842712474619,13.7198868114007,14.3919323572516,-51.9529548424151,57.694,0.93469387755102,0.740030090721706,0.028735760389576,0.154049222662371,0.098979124199431,0.007553271812699,0.010014055427073,0.037343900999016,0.0096484179467,0.018185999966751,0.005957434823489,0.015601438967148,0.006594174008543,0.013669244255349,0.020755376308334,0.024605702318199,0.006408931784862,0.001899648518102,0.00760295831955,0.002266876338991,0.002044347041061,0.010098869269861,0.004018999386602,0.006874403068148,0.013906556559484,0.004721633562704,0.0041801143859,0.005804378806872,0.01044838306893,0.008615278751884,0.001504692445417,1,1,18.8196081519127,97.8549035489559,0.396078437566757,0.031372547149658,0.133935546949213,0.486274510622025,0.596078455448151,0.392075169831514,0.427313989296751,0.427450984716415,0.274509817361832,0.274509817361832,0.046959925852646,0.057054028288942,0.454901963472366,312.964974141269,36.3445678009026,0,312.882096069869,36.4497816593886,0,313,37,0
negative,3nM,O22,66,6,2162,224,65,1,1.2663307357803,0.714717184507184,0,0.529772114677775,0.080028391686092,68.3597010753325,76.9415362466854,16.0312195418814,5.38135916060921,4.24264068711929,51.7856810011875,47.811702781902,-87.9060856558297,582.653999999998,0.730282046951528,0.464765107695536,0.13965225522388,0.107612607850689,0.041392488938334,0.058128522912905,0.015136139297917,0.014468295294684,0.004837246956914,0.007034276857985,0.023612235371676,0.007709969129867,0.006909786910447,0.002085112518075,0.009335242525757,0.013489000083249,0.013841648537805,0.002655864864428,0.004025018595255,0.000843520287412,0.002089652804806,0.010845875196764,0.008571280942465,0.003607838102517,0.010676268428405,0.006024735729782,0.01110022422018,0.009627771476839,0.004577308714703,0.004048996344847,0.003327747643567,95.9294144511223,560.047076582909,0.23137255012989,0.027450978755951,0.793922614802587,0.411764711141586,0.427450984716415,0.254454680241704,0.259041201009671,0.258823543787003,0.149019613862038,0.149019613862038,0.03205943167259,0.038498768425949,0.282352954149246,218.017099398737,57.5214058217068,0,218.209528214616,56.7511563367253,208,72,0,6,6,6,327,202,54,1,1.39720105143825,0.905018076164544,1,0.703225806451613,0.697336540948506,31.423827689127,30.5941170815567,6.70820393249937,3.04569882595846,2.82842712474619,12.747548783982,13.3668512791458,77.9452961487229,76.764,0.941007194244604,0.444817661461964,0.023415961560979,0.1658983039651,0.095094731958229,0.02113329149394,0.01041593827176,0.038119664522361,0.049735199521683,0.039422210860832,0.006353820028873,0.011156873810475,0.003738159797836,0.000202972136968,0.006449773628595,0.012616176976162,0.021508338065766,0.004421159773453,0.000151097175832,0.003074433576163,0.001335724637228,0.005070216751068,0.012033867580842,0.004456749932157,0.000625064411806,0.013707705734608,0.006430741002378,0.008206612055832,0.003768364578314,0.002550884531964,0.000775467315177,1,1,18.2980398833752,89.4431404918432,0.250980406999588,0.023529410362244,0.116349945380349,0.411764711141586,0.411764711141586,0.281508305898079,0.273526423522456,0.270588248968124,0.180392161011696,0.149019613862038,0.041040456862395,0.037511348767699,0.294117659330368,202.249956158113,55.063179593719,0,202.195718654434,54.960244648318,0,196,53,0
negative,3nM,O22,66,7,4123,366,26,1,1.3438650818139,0.785266351470079,0,0.526699029126214,0.306616737859875,100.850823254077,107.205410311234,19.6977156035922,6.9733318548637,6.32455532033676,64.4534979164448,62.442604472112,68.1474214916986,411.067999999999,0.828410689170183,0.456540517171635,0.036731548435553,0.170703227695988,0.063904320923296,0.024569984902231,0.009818576194512,0.006282595405686,0.031367741617946,0.030802642015972,0.015386765024128,0.008764366244881,0.011168242008826,0.039489686243671,0.018814046629368,0.021488682822329,0.013861359030271,0.013796221070484,0.009851473806987,0.010679210544901,0.007378656283253,0.022317115279655,0.00777732681733,0.000817308052805,0.007064167871719,0.00700573374116,0.00923260934289,0.003992975262143,0.004313564610129,0.005826123240238,0.005312429482481,93.2784346491098,1225.04317839444,0.266666680574417,0.031372547149658,1.73797999524671,0.454901963472366,0.52549022436142,0.293328410846257,0.29712422468941,0.298039227724075,0.219607844948769,0.156862750649452,0.039029723354722,0.044374190739132,0.325490206480026,374.267415958611,48.4551035926623,0,374.074460344409,46.7278680572399,356,62,0,7,7,7,467,365,56,1,1.31084879306471,0.878980559190545,1,0.60258064516129,0.748258275755678,35.6631594092577,34.2052627529741,8.48528137423857,3.66427424065414,3.60555127546399,16.3636557886443,17.0062488244659,54.7915037124565,88.5600000000001,0.956967213114754,0.508207578966941,0.049157247125625,0.160138543660641,0.106470736759724,0.029953723627217,0.013309718576956,0.027544650876027,0.038403466341995,0.038602473514838,0.007757850556169,0.012143482265236,0.005433134523114,0.004404146525029,0.004576514303127,0.005325478758404,0.016794705153379,0.009074020537575,0.008799692511562,0.009283557670177,0.006001054517916,0.007073577128754,0.009599257180788,0.008050562011632,0.006817791603863,0.008325122096858,0.009844203457419,0.01026435362291,0.00730731700482,0.006968689947012,0.005520786027009,1,1,23.7372556328773,153.035298869014,0.30588236451149,0.02156862616539,0.040725038453653,0.454901963472366,0.454901963472366,0.329684106012185,0.327698712781614,0.32745099067688,0.258823543787003,0.243137255311012,0.035639355030619,0.032198721569697,0.34901961684227,366.824953879307,58.8933733100251,0,366.865096359743,58.8865096359743,0,363,45,0
negative,3nM,O22,66,8,2867,349,104,1,1.49305058097971,0.825235100455824,0,0.47624584717608,0.29147021038101,90.793177598548,92.3092628071528,16,5.36243657262107,5,48.7340436078254,51.2790212957169,38.7648205884567,351.577999999999,0.825154698517772,0.428397814195014,0.035290974252481,0.148571704529957,0.069193168559034,0.030473358861033,0.005496690035379,0.024392159927897,0.046255264019485,0.021319725362972,0.007872745494467,0.004184946925177,0.003222210416175,0.039381259263327,0.013311800506287,0.007503407580355,0.014038772767152,0.009652466287012,0.009448976364393,0.003719929966814,0.002604720971553,0.017763006559935,0.023398860817593,0.011157303811931,0.007843663271683,0.00951745170009,0.006115243447159,0.012494382664293,0.00741438689048,0.00301347241596,0.001688663135794,97.9333360493183,959.494144976139,0.301960796117783,0.031372547149658,0.874415797176544,0.505882382392883,0.505882382392883,0.3353881371552,0.334668344951566,0.333333343267441,0.223529413342476,0.180392161011696,0.057984356921767,0.047535926734205,0.364705890417099,341.913753562428,88.5893423583024,0,341.757586327171,87.728985001744,342,118,0,8,8,8,482,336,81,1,1.60457139902836,0.922597281105136,1,0.592137592137592,0.622238777370778,41.4156133898204,39.3954312071844,7.21110255092798,3.32247065377078,3,16.0708607850258,15.9766737907435,20.2973023025107,98.662,0.899253731343284,0.395375143141469,0.069039572800353,0.120435040168768,0.081997700052795,0.066384875292913,0.025977601846524,0.005168383643846,0.034755998357769,0.033739588185685,0.031663008984216,0.024031449342654,0.012859820275722,0.00669605509322,0.001509734607334,0.012996977148799,0.017216265419393,0.003787412032169,0.006596034171651,0.007719843674086,0.006617041272997,0.001747573319285,0.001425109636328,0.005828758685301,0.00424893582607,0.011231036716078,0.004149616106125,0.004576607020692,0.004935581364703,0.002239162145087,0.003195221686746,1,1,29.3490203917027,163.011769294739,0.313725501298904,0.023529410362244,0.164289729000081,0.498039215803146,0.498039215803146,0.345282592843561,0.33819869148286,0.337254911661148,0.258823543787003,0.23137255012989,0.046489852081354,0.038201046230774,0.360784322023392,339.005653400071,80.0710161738529,0,339.145228215768,80.1576763485477,0,334,72,0
negative,3nM,O22,66,9,2642,147,108,1,1.43136460244883,0.77164019710939,0,0.517430473952213,0.098752319683463,82.7054318708265,83.0963296421689,17.0293863659264,5.25015614033541,4.24264068711929,55.8830130044378,52.6055573523326,-28.076143126643,579.825999999999,0.735933147632312,0.48679976800881,0.090647876149035,0.114093141510856,0.055554216563287,0.048991492256801,0.029038649536742,0.048272677693115,0.026719190297953,0.015317566252908,0.029216621811312,0.01694046990995,0.001949979797312,0.009955600082574,0.018597844475292,0.011048092512172,0.009850027569792,0.01625973257271,0.017740408353629,0.005926634146886,0.002957298813447,0.002833372712152,0.014602699029636,0.008521958690541,0.003071064678434,0.006333551863691,0.010336331654216,0.00818297898578,0.005467356177009,0.001864502186974,0.005338299894621,100.60784560442,680.651001311839,0.23137255012989,0.027450978755951,1.00567912999682,0.396078437566757,0.411764711141586,0.255349861940151,0.257627176878062,0.254901975393295,0.137254908680916,0.113725490868092,0.038676429119342,0.040053841485172,0.282352954149246,165.048817163285,99.3558819734571,0,164.891370174111,98.3626040878123,181,117,0,9,9,9,443,169,88,1,1.11816771843249,0.757640741125434,1,0.687888198757764,0.826382714874532,29.7776311921876,29.6816441593117,9.8488578017961,3.88674217786142,3.60555127546399,19.0918830920368,19.4350208085645,-55.875207754592,82.076,0.952688172043011,0.637342382778895,0.096657567950346,0.15560320219111,0.083553340302525,0.027836602823415,0.023149509961535,0.007799696801268,0.021287604170364,0.021129076710446,0.021918323762053,0.0134139719887,0.010791982175737,0.002244450209667,0.013625602443249,0.014057441995618,0.01490554394435,0.014403181624999,0.011578484578943,0.002225449785446,0.007722860585621,0.005208836093678,0.007096527384852,0.007872542522993,0.001983214917801,0.009469284126605,0.003339686915909,0.002664312614375,0.003234475015241,0.003530379104743,0.003097708881008,1,1,15.7764709591866,107.678434535861,0.215686276555061,0.027450978755951,0.236706201824878,0.294117659330368,0.400000005960465,0.23200692587039,0.243066443647542,0.243137255311012,0.137254908680916,0.137254908680916,0.035895244502263,0.039469748963572,0.266666680574417,170.191128283865,86.5816519944485,0,169.961625282167,86.5237020316027,0,175,84,0
negative,3nM,O22,66,10,4042,449,73,1,1.19418239488928,0.401073553715727,0,0.648587933247753,0.331260463693146,81.6461722307685,83.1865373723417,17,6.76269815754223,6.32455532033676,73.3430296619931,74.7916374724552,66.5559491999467,391.577999999999,0.851574844622353,0.708681152227423,0.026370154327712,0.106998919196651,0.025452519787451,0.016679541514638,0.027022655781009,0.114717154078076,0.004548406692259,0.028562833197064,0.017470603429066,0.00186062396948,0.005198509796376,0.021870739394932,0.010265108673376,0.007003977826013,0.013536280098087,0.021549885242042,0.006810621805433,0.006047568531094,0.009038653794682,0.002874322644578,0.010081546843458,0.012584234081894,0.007161359793894,0.003823062730532,0.017720455158063,0.008584655241224,0.001503766504661,0.002436161058435,0.001763168761299,113.419611394405,1479.54513934255,0.30588236451149,0.047058820724487,1.19560926585807,0.800000011920929,0.800000011920929,0.353332122724004,0.366042835067429,0.34901961684227,0.219607844948769,0.141176477074623,0.098336321245678,0.087151228730993,0.407843142747879,432.266767212927,83.0148402325285,0,432.725383473528,81.9106877783276,421,76,0,10,10,10,445,428,88,1,1.05491751610151,0.690046921519223,1,0.777972027972028,0.895879762397597,28.0459669406614,27.7848879788996,10.0498756211209,4.10142964252287,3.60555127546399,19.606121493044,20.2986790110173,64.0495962095924,79.006,0.958019375672766,0.733926939646564,0.089265968410552,0.143982476638586,0.078389430923337,0.006617986131917,0.019158662788684,0.030957018172684,0.000760957286936,0.015973550958599,0.032783296491872,0.018051891654564,0.001237818605209,0.000527153489222,0.010313377817566,0.00638457684857,0.008878168984485,0.005705206158274,0.009310649336763,0.011361675130074,0.002330905784255,0.006015118334008,0.001612914434035,0.00128596963757,0.007107679101435,0.007681074244181,0.009009348758506,0.014522933136152,0.004432583617765,0.00484713618643,0.001040426135134,1,1,35.6156874895096,211.603925704956,0.43529412150383,0.031372547149658,0.160677531845651,0.800000011920929,0.800000011920929,0.531577425216561,0.475514439786418,0.466666668653488,0.419607847929001,0.329411774873734,0.069853705453844,0.061380517906124,0.501960813999176,427.338201222341,87.046553868047,0,427.460674157303,87.1505617977528,0,421,76,0
