Dose,Well,ImageNumber,ObjectNumber,Cytoplasm_AreaShape_Area,Cytoplasm_AreaShape_Center_X,Cytoplasm_AreaShape_Center_Y,Cytoplasm_AreaShape_Center_Z,Cytoplasm_AreaShape_Compactness,Cytoplasm_AreaShape_Eccentricity,Cytoplasm_AreaShape_EulerNumber,Cytoplasm_AreaShape_Extent,Cytoplasm_AreaShape_FormFactor,Cytoplasm_AreaShape_MajorAxisLength,Cytoplasm_AreaShape_MaxFeretDiameter,Cytoplasm_AreaShape_MaximumRadius,Cytoplasm_AreaShape_MeanRadius,Cytoplasm_AreaShape_MedianRadius,Cytoplasm_AreaShape_MinFeretDiameter,Cytoplasm_AreaShape_MinorAxisLength,Cytoplasm_AreaShape_Orientation,Cytoplasm_AreaShape_Perimeter,Cytoplasm_AreaShape_Solidity,Cytoplasm_AreaShape_Zernike_0_0,Cytoplasm_AreaShape_Zernike_1_1,Cytoplasm_AreaShape_Zernike_2_0,Cytoplasm_AreaShape_Zernike_2_2,Cytoplasm_AreaShape_Zernike_3_1,Cytoplasm_AreaShape_Zernike_3_3,Cytoplasm_AreaShape_Zernike_4_0,Cytoplasm_AreaShape_Zernike_4_2,Cytoplasm_AreaShape_Zernike_4_4,Cytoplasm_AreaShape_Zernike_5_1,Cytoplasm_AreaShape_Zernike_5_3,Cytoplasm_AreaShape_Zernike_5_5,Cytoplasm_AreaShape_Zernike_6_0,Cytoplasm_AreaShape_Zernike_6_2,Cytoplasm_AreaShape_Zernike_6_4,Cytoplasm_AreaShape_Zernike_6_6,Cytoplasm_AreaShape_Zernike_7_1,Cytoplasm_AreaShape_Zernike_7_3,Cytoplasm_AreaShape_Zernike_7_5,Cytoplasm_AreaShape_Zernike_7_7,Cytoplasm_AreaShape_Zernike_8_0,Cytoplasm_AreaShape_Zernike_8_2,Cytoplasm_AreaShape_Zernike_8_4,Cytoplasm_AreaShape_Zernike_8_6,Cytoplasm_AreaShape_Zernike_8_8,Cytoplasm_AreaShape_Zernike_9_1,Cytoplasm_AreaShape_Zernike_9_3,Cytoplasm_AreaShape_Zernike_9_5,Cytoplasm_AreaShape_Zernike_9_7,Cytoplasm_AreaShape_Zernike_9_9,Cytoplasm_Intensity_IntegratedIntensityEdge_GFP,Cytoplasm_Intensity_IntegratedIntensity_GFP,Cytoplasm_Intensity_LowerQuartileIntensity_GFP,Cytoplasm_Intensity_MADIntensity_GFP,Cytoplasm_Intensity_MassDisplacement_GFP,Cytoplasm_Intensity_MaxIntensityEdge_GFP,Cytoplasm_Intensity_MaxIntensity_GFP,Cytoplasm_Intensity_MeanIntensityEdge_GFP,Cytoplasm_Intensity_MeanIntensity_GFP,Cytoplasm_Intensity_MedianIntensity_GFP,Cytoplasm_Intensity_MinIntensityEdge_GFP,Cytoplasm_Intensity_MinIntensity_GFP,Cytoplasm_Intensity_StdIntensityEdge_GFP,Cytoplasm_Intensity_StdIntensity_GFP,Cytoplasm_Intensity_UpperQuartileIntensity_GFP,Cytoplasm_Location_CenterMassIntensity_X_GFP,Cytoplasm_Location_CenterMassIntensity_Y_GFP,Cytoplasm_Location_CenterMassIntensity_Z_GFP,Cytoplasm_Location_Center_X,Cytoplasm_Location_Center_Y,Cytoplasm_Location_MaxIntensity_X_GFP,Cytoplasm_Location_MaxIntensity_Y_GFP,Cytoplasm_Location_MaxIntensity_Z_GFP,Cytoplasm_Parent_Cells,Cytoplasm_Parent_Nuclei,Nuclei_Number_Object_Number,Nuclei_AreaShape_Area,Nuclei_AreaShape_Center_X,Nuclei_AreaShape_Center_Y,Nuclei_AreaShape_Center_Z,Nuclei_AreaShape_Compactness,Nuclei_AreaShape_Eccentricity,Nuclei_AreaShape_EulerNumber,Nuclei_AreaShape_Extent,Nuclei_AreaShape_FormFactor,Nuclei_AreaShape_MajorAxisLength,Nuclei_AreaShape_MaxFeretDiameter,Nuclei_AreaShape_MaximumRadius,Nuclei_AreaShape_MeanRadius,Nuclei_AreaShape_MedianRadius,Nuclei_AreaShape_MinFeretDiameter,Nuclei_AreaShape_MinorAxisLength,Nuclei_AreaShape_Orientation,Nuclei_AreaShape_Perimeter,Nuclei_AreaShape_Solidity,Nuclei_AreaShape_Zernike_0_0,Nuclei_AreaShape_Zernike_1_1,Nuclei_AreaShape_Zernike_2_0,Nuclei_AreaShape_Zernike_2_2,Nuclei_AreaShape_Zernike_3_1,Nuclei_AreaShape_Zernike_3_3,Nuclei_AreaShape_Zernike_4_0,Nuclei_AreaShape_Zernike_4_2,Nuclei_AreaShape_Zernike_4_4,Nuclei_AreaShape_Zernike_5_1,Nuclei_AreaShape_Zernike_5_3,Nuclei_AreaShape_Zernike_5_5,Nuclei_AreaShape_Zernike_6_0,Nuclei_AreaShape_Zernike_6_2,Nuclei_AreaShape_Zernike_6_4,Nuclei_AreaShape_Zernike_6_6,Nuclei_AreaShape_Zernike_7_1,Nuclei_AreaShape_Zernike_7_3,Nuclei_AreaShape_Zernike_7_5,Nuclei_AreaShape_Zernike_7_7,Nuclei_AreaShape_Zernike_8_0,Nuclei_AreaShape_Zernike_8_2,Nuclei_AreaShape_Zernike_8_4,Nuclei_AreaShape_Zernike_8_6,Nuclei_AreaShape_Zernike_8_8,Nuclei_AreaShape_Zernike_9_1,Nuclei_AreaShape_Zernike_9_3,Nuclei_AreaShape_Zernike_9_5,Nuclei_AreaShape_Zernike_9_7,Nuclei_AreaShape_Zernike_9_9,Nuclei_Children_Cells_Count,Nuclei_Children_Cytoplasm_Count,Nuclei_Intensity_IntegratedIntensityEdge_GFP,Nuclei_Intensity_IntegratedIntensity_GFP,Nuclei_Intensity_LowerQuartileIntensity_GFP,Nuclei_Intensity_MADIntensity_GFP,Nuclei_Intensity_MassDisplacement_GFP,Nuclei_Intensity_MaxIntensityEdge_GFP,Nuclei_Intensity_MaxIntensity_GFP,Nuclei_Intensity_MeanIntensityEdge_GFP,Nuclei_Intensity_MeanIntensity_GFP,Nuclei_Intensity_MedianIntensity_GFP,Nuclei_Intensity_MinIntensityEdge_GFP,Nuclei_Intensity_MinIntensity_GFP,Nuclei_Intensity_StdIntensityEdge_GFP,Nuclei_Intensity_StdIntensity_GFP,Nuclei_Intensity_UpperQuartileIntensity_GFP,Nuclei_Location_CenterMassIntensity_X_GFP,Nuclei_Location_CenterMassIntensity_Y_GFP,Nuclei_Location_CenterMassIntensity_Z_GFP,Nuclei_Location_Center_X,Nuclei_Location_Center_Y,Nuclei_Location_Center_Z,Nuclei_Location_MaxIntensity_X_GFP,Nuclei_Location_MaxIntensity_Y_GFP,Nuclei_Location_MaxIntensity_Z_GFP
30uM,O06,16,11,2376,281,100,1,1.49305166242233,0.132448184764866,0,0.453089244851259,0.08340724514846,67.430541324468,75.953933407033,12.0415945787923,4.03575917613535,3.60555127546399,66.5902102231325,66.8364735699257,1.71125365478548,598.309999999999,0.652567975830816,0.477333094402017,0.019526276823961,0.135897890215927,0.001255623373092,0.009013643323114,0.061000773103094,0.046024600480683,0.015577778532896,0.012210835530301,0.013842956371435,0.038943582135284,0.004039097968318,0.054201761361402,0.008345566939733,0.01467150416133,0.019348192596567,0.012488600993231,0.008172689246451,0.005841249245671,0.001309697594889,0.033404777940588,0.011148066013885,0.004449525836224,0.015935708016956,0.001350647122298,0.002929428204685,0.00927354985413,0.002749690924269,0.004908352044505,0.005380279201356,25.0627456493676,179.592161506414,0.047058824449778,0.007843140512705,2.68624526359247,0.509803950786591,0.658823549747467,0.061730900614206,0.075585926559939,0.054901961237192,0.039215687662363,0.027450980618596,0.040262211134123,0.063299234168033,0.070588238537312,297.969822702763,86.4438815587154,0,295.356060606061,85.8240740740741,305,85,0,11,11,11,442,291,82,1,1.18741048896941,0.833981076851666,1,0.654814814814815,0.756929991730124,32.0413509128835,31.8904374382039,8.94427190999916,3.7659201915236,3.60555127546399,17.6776695296637,17.6801945554437,44.2009327300417,85.662,0.952586206896552,0.551840209254673,0.025043314410414,0.188857989898857,0.094791956928661,0.014120141593913,0.013022269364093,0.011309387765281,0.032122453283819,0.035629899956544,0.005169551272799,0.006704181942669,0.005636077100689,0.019943456578318,0.018372601164957,0.005153811790201,0.016362074206522,0.009201733080096,0.004982219473891,0.002978697814454,0.003354715702628,0.013237781192142,0.013696233929806,0.011407162894537,0.004287020895978,0.008358378286053,0.002799258436225,0.005644298529159,0.006980537267881,0.004854063900885,0.002346764396637,1,1,7.74117671698332,37.2196088843048,0.054901961237192,0.011764708906412,3.44347424780088,0.639215707778931,0.639215707778931,0.110588238814047,0.084207259919242,0.062745101749897,0.035294119268656,0.031372550874949,0.104490492413447,0.06045706871872,0.090196080505848,294.065957225864,84.2777368044864,0,291.262443438914,82.2782805429864,0,303,85,0
30uM,O06,16,12,3574,351,129,1,1.32602288654306,0.715588064777726,0,0.507166170001419,0.128613469984053,89.9431083182848,90.5538513813742,18.0277563773199,5.91031318381812,5,67.3405810826739,62.8272873615928,-41.9554957322504,590.933999999998,0.763675213675214,0.544662813134109,0.098274934675146,0.115821178638566,0.063177214848747,0.031566522632313,0.017867454054637,0.039577783761034,0.029749202890371,0.021967157026113,0.025019273443441,0.013715858286624,0.010365085659285,0.002161163398742,0.019853928282195,0.011926386019842,0.014333551433305,0.02119509274289,0.013680917574272,0.009752141135968,0.001345644889657,0.00923013299143,0.012762656316514,0.008765064996311,0.004585439168885,0.006274214823796,0.013370196928153,0.00881900815643,0.004962963299507,0.007419339006428,0.002863722652522,28.4666673503816,248.831379048526,0.047058824449778,0.007843136787415,3.79293564864297,0.345098048448563,0.450980395078659,0.069600653668415,0.069622657819957,0.054901961237192,0.047058824449778,0.023529412224889,0.044756076510296,0.051056272075429,0.066666670143604,366.611391317443,111.254081868129,0,362.872971460548,110.613318410744,385,104,0,12,12,12,425,374,103,1,1.48465765965156,0.919708837303971,1,0.542784163473819,0.663290991148581,37.3333773814284,36.2353418639869,7.07106781186548,3.30469667410721,3,14.142135623731,14.6571264941186,-42.1395122711604,89.732,0.967007963594994,0.410190653025875,0.015497311303158,0.160733134899379,0.090632521592583,0.012270596095901,0.005433919749383,0.037472848127923,0.059310491494221,0.036335411553637,0.005917251025843,0.00648511259285,0.002840282020956,0.011645617806435,0.008773956427566,0.021098950804941,0.017909374912868,0.002253246021395,0.003830377483955,0.002942491542477,0.002116706576278,0.005511367481714,0.003315453187512,0.006549084548779,0.007213037104783,0.009570040224691,0.004039479926274,0.003071770663822,0.003244717312688,0.001958828184459,0.001688487108281,1,1,10.1607846580446,51.1921583302319,0.078431375324726,0.019607841968536,1.2773215049411,0.376470595598221,0.376470595598221,0.141122009139508,0.120452137247604,0.094117648899555,0.047058824449778,0.047058824449778,0.086853116197718,0.064282929998251,0.141176477074623,375.140186919669,103.370690976699,0,373.988235294118,102.818823529412,0,380,106,0
30uM,O06,16,13,3753,510,111,1,1.34448843697354,0.612820400269073,0,0.599137931034483,0.123469839134779,88.8197740786618,86.5852181379709,20,6.13790184260254,5.65685424949238,70.1164763533149,70.1873590541552,70.9386298958547,618.035999999998,0.790438079191238,0.628106387786714,0.005294702942247,0.097592725434589,0.061367209906006,0.031683756222933,0.036651776905054,0.097640149711608,0.005737704735863,0.010537229912508,0.02447500141283,0.008375371789314,0.008562029268853,0.043817536557689,0.020541430873871,0.010017624461381,0.011532872783455,0.014679860985282,0.006514896509616,0.014826224584955,0.011824898208429,0.010145924669195,0.017398608372396,0.001802263752315,0.003197166050892,0.002055438973412,0.009045299997975,0.00639613451219,0.004191322694433,0.004562402262486,0.008262790679976,35.8980400376022,316.498047523201,0.050980392843485,0.011764705181122,3.45071900412523,0.843137264251709,0.917647063732147,0.086501301295427,0.084332013728537,0.0588235296309,0.047058824449778,0.027450980618596,0.102722017417365,0.076858580348876,0.082352943718433,484.311782144285,101.449217568432,0,481.172661870504,100.016253663736,490,95,0,13,13,13,632,476,108,1,1.03939319135733,0.64701066716781,1,0.726436781609195,0.877295440700316,32.5483305985728,32.2024843762092,12.0415945787923,4.82317977046256,4.24264068711929,24.0416305603426,24.8174819814617,-50.1767308329298,95.1460000000001,0.951091045899172,0.775593261254635,0.00366446978986,0.150316953452822,0.083032120130265,0.00598125274743,0.014618537471636,0.055334136894292,0.016615293920136,0.012806670284253,0.004837432180818,0.004032717209233,0.008380742959111,0.004392943240279,0.017523226411471,0.019902601087893,0.004386023030111,0.001657565347098,0.001876769099984,0.006080660448233,0.003109767280134,0.015370043596484,0.013024594250009,0.006901146810512,0.007717262955153,0.00357227979045,0.003963200771011,0.001866181309484,0.001537830177807,0.003781314062536,0.00024151452082,1,1,18.0039220787585,134.823533069342,0.098039217293263,0.054901964962483,4.98652084606594,0.850980401039124,0.882352948188782,0.227897747832386,0.213328375109719,0.137254908680916,0.050980392843485,0.047058824449778,0.180713443943834,0.173415095647435,0.266666680574417,481.680890052679,102.978853982178,0,477.85917721519,106.181962025316,0,488,96,0
30uM,O06,16,14,2036,431,102,1,1.47110083053664,0.794275237742283,0,0.529794431433776,0.219153555450638,74.5626574092132,70.4343666117613,13.6014705087354,4.95920075214193,4.47213595499958,50.3431303082235,45.301146579021,-44.893457973561,341.679999999999,0.775471338792611,0.509966139245676,0.042972677307588,0.120141370924844,0.090208431054461,0.015473426388353,0.018464304425411,0.027778318052835,0.054396707643451,0.022346481908148,0.043402233493377,0.016694900463387,0.010636665172026,0.009949024107355,0.013726747915891,0.014431921720495,0.011604437893829,0.020457660607662,0.007279792157335,0.004833588453328,0.002761636701866,0.00667710269056,0.008175806115,0.012013539453103,0.003161258149379,0.001861345019609,0.004735048384086,0.008935707227133,0.005581065617232,0.006059815492879,0.007814956131574,29.2980398125947,147.239219186828,0.050980392843485,0.007843136787415,4.32009533157231,1,1,0.113558293847266,0.07231788761632,0.0588235296309,0.047058824449778,0.027450980618596,0.179660174774409,0.093310269575434,0.066666670143604,417.717413284681,119.330900768804,0,415,115.972495088409,430,129,0,14,14,14,392,422,123,1,1.17051095783681,0.781776529113449,1,0.614420062695925,0.622256869710411,29.0438075521876,31.0644491340181,8.54400374531753,3.33185537319696,3,18.5105090484639,18.1105190242549,-33.2897279058341,88.974,0.881889763779527,0.517212333198118,0.105012934406283,0.161447690345865,0.053834504606911,0.053774394651759,0.032601718782535,0.008727905167425,0.011119856110698,0.020966394970621,0.018120882379682,0.02254230198563,0.01451860708597,0.002479727436516,0.016868237140681,0.001498521971962,0.012977845690428,0.020653724178324,0.008220327975544,0.01135230480153,0.00722604260027,0.0058153495476,0.007161658832586,0.002405846354316,0.005658435957019,0.008810534199461,0.004354881088796,0.006818518697006,0.004129692406769,0.005712014944868,0.003567800745586,1,1,12.0588237531483,80.1843151934445,0.082352943718433,0.019607841968536,3.17769532573501,1,1,0.172268910759262,0.204551824473073,0.098039217293263,0.054901961237192,0.054901961237192,0.244740644505981,0.248566328238291,0.168627455830574,423.362840495802,126.144813392658,0,421.512755102041,123.561224489796,0,424,127,0
30uM,O06,16,15,1484,104,107,1,1.81431521373665,0.809661356630692,0,0.426682001150086,0.0518017175434,71.3456119225107,73.0616178304313,7.28010988928052,2.49603797868111,2.23606797749979,43.0923054499388,41.8725498506922,1.63309006258893,599.997999999999,0.600202224469161,0.353492132877016,0.058799139815421,0.107588401126675,0.055167877433222,0.034609032729134,0.014755161092731,0.018048740937348,0.024363327230525,0.022036209857993,0.007808757522173,0.008331437766895,0.009175074662728,0.013964499501397,0.023370838820797,0.015444126778389,0.005628300233862,0.014706798549955,0.020806723651633,0.011226526272625,0.003665005251816,0.010906276099911,0.007650367963842,0.005944200673831,0.007550725146595,0.003308528485642,0.00883549883888,0.016926558941929,0.009403419087826,0.002624331064099,0.002360060665703,25.2862750515342,113.274512851611,0.050980392843485,0.011764705181122,2.7340364764834,0.294117659330368,0.34901961684227,0.061824633377834,0.076330534266584,0.0588235296309,0.035294119268656,0.027450980618596,0.034759776086947,0.045663918294867,0.082352943718433,111.055288201928,116.744434812942,0,113.75539083558,117.173854447439,85,119,0,15,15,15,430,102,121,1,1.3936714624207,0.90472431450563,1,0.651515151515152,0.719483609130557,35.9643153203715,34.5398320783411,7.61577310586391,3.439383471572,3.16227766016838,14.3108350559987,15.3207103040836,21.6776266570897,86.662,0.956618464961068,0.456786693333319,0.009665327018346,0.167129301863148,0.099661921358467,0.008206001596632,0.004280360236573,0.03394593157506,0.054946931049203,0.0386020884845,0.002946880754205,0.003305086198076,0.002205119639713,0.005807961921758,0.00204974131822,0.01586940156816,0.017377840534337,0.001370878535375,0.001132762488969,0.001342767721607,0.00129440012806,0.012099649341889,0.008106500586557,0.010785283362823,0.001288425448331,0.008199498297619,0.003266735451224,0.00226478605947,0.002865579523706,0.001400486574776,0.000653493864247,1,1,7.52156884223223,41.588236425072,0.050980392843485,0.019607845693827,2.29403984983849,0.34901961684227,0.403921574354172,0.10303518961962,0.096716828895516,0.066666670143604,0.035294119268656,0.031372550874949,0.068243076725237,0.072089252653943,0.109803922474384,98.1679396428013,121.203206034181,0,100.246511627907,120.232558139535,0,99,125,0
30uM,O06,16,16,4843,233,154,1,1.43241911153643,0.802339427666916,0,0.538649760871983,0.07161093027645,113.954539062761,111.830228471554,15.6524758424985,5.48963199240498,5.09901951359278,72.3498445057071,68.0158210084609,-76.1835959752497,921.875999999998,0.770380975105384,0.47322511005166,0.059107149169144,0.137681003689829,0.07219883545331,0.027562457709051,0.017988711068125,0.001759735945593,0.02527409022985,0.025054196338017,0.028296757706206,0.017221981679665,0.012384805303621,0.015215959147091,0.022698863174422,0.020976034924625,0.009695877351753,0.018347974877078,0.028221212370125,0.007141599138072,0.008654593299212,0.00661108669606,0.012741717705534,0.003591111177994,0.009873968767021,0.003901013536584,0.005174629317917,0.016737840782011,0.00882763065197,0.003100308737705,0.004019567532163,34.7647065110505,288.690202953294,0.047058824449778,0.007843136787415,2.67374405578802,0.427450984716415,0.427450984716415,0.058526441937795,0.059609787931715,0.050980392843485,0.047058824449778,0.027450980618596,0.032923469323848,0.031282251400816,0.0588235296309,223.030373829539,143.225372155455,0,223.292587239314,145.88622754491,216,132,0,16,16,16,462,228,128,1,1.06449309366846,0.708533972302762,1,0.712962962962963,0.874265224693991,28.9499699290046,28.3019433961698,10.295630140987,4.1285563449081,3.60555127546399,19.7989898732233,20.4293193506469,-55.1250206727107,81.49,0.952577319587629,0.729846115867659,0.023638647348138,0.162186347827283,0.094886638845075,0.009067827807521,0.006403824662099,0.038871946029897,0.007985828055209,0.020082019825594,0.002538511203433,0.010964171137949,0.007468749370752,0.017370104075738,0.024279644747097,0.01639897222709,0.004450495158858,0.000898757712414,0.00913753395454,0.005065692755882,0.004045221974045,0.009558385097907,0.008936210242606,0.002951640522442,0.009015875338916,0.002197808314713,0.004230165863882,0.003876057225304,0.008770288998671,0.003630747516435,0.001041773755065,1,1,7.88627469539642,50.5647072978318,0.062745101749897,0.019607845693827,2.72216588539197,0.427450984716415,0.431372553110123,0.117705592468603,0.109447418393575,0.078431375324726,0.050980392843485,0.047058824449778,0.080480954757879,0.075510546554004,0.117647059261799,224.432216540797,130.052039706264,0,227.017316017316,129.199134199134,0,217,132,0
30uM,O06,16,17,1575,444,155,1,1.5615723362655,0.751372670172552,0,0.378605769230769,0.197697419820715,65.998696729122,79.0569415042095,13,4.3452670521498,3.60555127546399,46.4544591551348,43.5510947830274,-82.0175162895768,316.405999999999,0.672215108834827,0.320856365273261,0.048478262320333,0.145445172300706,0.036392493880551,0.045382721234143,0.006545306079152,0.006627882268339,0.024728530695116,0.019643630599227,0.020479404535678,0.013855050948209,0.004148881831142,0.039209065302035,0.004302217435445,0.021409713300575,0.010764382277889,0.006809115918434,0.017310328068137,0.003470240791398,0.001848632409936,0.027236745577127,0.012594986649851,0.009918009343187,0.01067498898327,0.006995194505342,0.006074729671396,0.008804585150731,0.003629027775778,0.002323544376356,0.001681127053336,28.3254909589887,124.309807624668,0.0588235296309,0.007843140512705,2.81369573932561,0.807843148708344,0.807843148708344,0.115144272191011,0.078926861983916,0.066666670143604,0.047058824449778,0.035294119268656,0.121269697191462,0.059873755613937,0.078431375324726,446.714912128596,140.943405210082,0,448.48,143.134603174603,430,128,0,17,17,17,426,442,133,1,1.05925217650778,0.606145460320341,1,0.712374581939799,0.721355304340823,26.5680846500693,26.9258240356725,9.48683298050514,3.70190646956595,3.16227766016838,19.9092170382696,21.1310273149512,63.6254874391434,86.146,0.89589905362776,0.748137994561627,0.039508341695761,0.151090688919498,0.066111604474307,0.008397927825235,0.032488675786143,0.041678258861501,0.012514261394619,0.018974495752401,0.016106657870223,0.002237211520217,0.008200684648656,0.005777778396021,0.011477254126004,0.026633976231183,0.014696110881287,0.002621549156892,0.009465976679307,0.013194167558167,0.01191522150065,0.004904659019995,0.006856269981712,0.01111983366378,0.005578351864025,0.013546387813394,0.006440497198651,0.008166382149826,0.00149399945673,0.01215199763351,0.006656569965163,1,1,12.886274844408,125.839218057692,0.121568627655506,0.070588238537312,1.52155309736398,0.807843148708344,1,0.186757606440696,0.29539722548754,0.180392161011696,0.066666670143604,0.066666670143604,0.157338160601941,0.264050806529042,0.352941185235977,441.517093075909,129.590732036396,0,441.631455399061,131.107981220657,0,445,128,0
30uM,O06,16,18,5457,265,170,1,1.8445638830888,0.910276939610383,0,0.419898430286242,0.225695728058999,147.67001057782,145.165422880244,18.0277563773199,6.45450158261823,6.08276253029822,69.9995435398621,61.1353653343405,-46.3110201447282,551.213999999998,0.795365107127241,0.329714240764,0.039541606449576,0.119704765555534,0.073603356429384,0.025492465535322,0.002930968530656,0.023769529331679,0.044164368879249,0.031599553374211,0.018289537694287,0.008804748175708,0.000900938286532,0.014069362670125,0.003306781107658,0.019973926821566,0.017971292832805,0.015025786507671,0.017653066844069,0.008480845921137,0.00300601930695,0.009289070136063,0.011294709476365,0.01011467864837,0.012237787253655,0.010437045491376,0.008360999136029,0.012367838911531,0.01248781766359,0.005711119993089,0.003295764707538,30.1137262508273,365.360793946311,0.050980392843485,0.007843136787415,2.86919483664384,0.192156866192818,0.501960813999176,0.069068179474375,0.066952683515908,0.0588235296309,0.047058824449778,0.027450980618596,0.02408170419858,0.031089161400776,0.070588238537312,282.253276429476,153.23462169563,0,279.720908924317,154.583470771486,286,130,0,18,18,18,566,287,142,1,1.22573708092625,0.849515887556644,1,0.655092592592593,0.757430670214508,37.1960549475492,37.2021504754766,9.89949493661166,4.14632592224471,3.802775637732,19.4,19.6232636695461,-36.6447704113891,96.904,0.963404255319148,0.5207034554336,0.062187192790125,0.17351286839338,0.086847482125353,0.046466770266676,0.017035874593524,0.008753739037132,0.03192048668806,0.034701755088658,0.001396751487521,0.007036756025195,0.00747331565172,0.007846878567812,0.006576330832123,0.008192186647152,0.017569527200169,0.020962273757279,0.010975493122809,0.003359900181473,0.00468484206085,0.002922635909083,0.002439592963888,0.004756649900847,0.000265745049525,0.009848138596411,0.008755905376204,0.011595882563786,0.009327288775789,0.00608563480847,0.003637096860936,1,1,8.20392181351781,90.7451005466282,0.090196080505848,0.039215683937073,1.3630274884204,0.211764708161354,0.549019634723663,0.102549022668973,0.160327032767894,0.121568627655506,0.0588235296309,0.0588235296309,0.031046715569121,0.095483393242928,0.200000002980232,288.999740706371,141.297450311945,0,287.883392226148,142.079505300353,0,284,142,0
30uM,O06,16,19,2203,377,153,1,1.86489879789963,0.811779378580138,0,0.399094202898551,0.22435579639376,88.2173266542104,82.8613299434664,12.8062484748657,4.62831275834842,4.12310562561766,51.353149159879,51.5157646366386,30.5227806478467,351.271999999999,0.65497249888509,0.408527048798655,0.012437418896709,0.096528673809084,0.076931115526092,0.026629545632204,0.027322029733794,0.059428880448419,0.04931785911918,0.017573097661676,0.027216692589522,0.022194976195859,0.009968440414187,0.04832651270696,0.005299424629865,0.009078467426534,0.014935732493927,0.006393538366196,0.005810694796923,0.016751425408932,0.004066971271479,0.02807047387046,0.011622365829231,0.010614710464879,0.010941531470293,0.006827917762651,0.00651771527486,0.004281508414369,0.006514503744898,0.015074327741357,0.002196935571413,31.2509812861681,231.129418417811,0.070588238537312,0.019607841968536,2.19911825067098,0.592156887054443,0.592156887054443,0.111213456534406,0.10491575960863,0.082352943718433,0.047058824449778,0.04313725605607,0.079469338445594,0.056581062973837,0.117647059261799,399.557009092287,163.759085826671,0,401.500680889696,162.730367680436,383,167,0,19,19,19,666,399,165,1,1.04630510445129,0.603074093690559,1,0.651026392961877,0.832153557881993,32.9530204766217,33.2415402771893,12.2065556157337,4.84713043505751,4.24264068711929,24.9671915869147,26.2861358871763,-31.5652346476462,100.286,0.955523672883788,0.756154874915825,0.019699718427619,0.156882347969247,0.066455974162421,0.010265133945865,0.036748230837861,0.05159000169216,0.007154544927265,0.018428040662698,0.010449838563764,0.009160861509873,0.020792639181034,0.007579516768504,0.016154316087893,0.015251131199364,0.011792454559534,0.001626773907,0.007564854894321,0.009508349811015,0.0009080339562,0.014832668945057,0.005516516871459,0.006986028955063,0.001555782192281,0.004689930759523,0.008418256130783,0.006815415829374,0.00202829946769,0.0080808944458,0.009044396447966,1,1,12.1058826521039,70.5411782935262,0.078431375324726,0.011764705181122,2.13339112066969,0.592156887054443,0.592156887054443,0.155203623744922,0.105917685125415,0.090196080505848,0.066666670143604,0.054901961237192,0.105010133261946,0.055061123154471,0.105882354080677,397.475428092397,165.532744039762,0,399.545045045045,165.015015015015,0,383,167,0
30uM,O06,16,20,1654,85,178,1,1.43308645920394,0.710121216303803,0,0.437334743521946,0.058656272281089,63.4748617075847,73.6613874428116,11.7046999107196,3.57332486016771,3,46.4824772323418,44.6913450997807,55.6542794816555,595.271999999999,0.62985529322163,0.388119831734604,0.052532282614071,0.158023421150936,0.029869952645594,0.030147611783064,0.009577489179543,0.021438036362656,0.022418195136468,0.008473217756955,0.02739833719884,0.005520521806892,0.003694258236311,0.004474121498378,0.022874674796616,0.015573190927632,0.004127816920406,0.02230466826584,0.018638461271808,0.002864958117461,0.001996653791264,0.005435477506257,0.008727304854851,0.017842741067208,0.00615113691288,0.005898200525789,0.007484173004166,0.011016320101573,0.007184198431353,0.007257596692,0.001536718779994,21.4431377220899,111.607846084982,0.047058824449778,0.007843140512705,1.52000480532049,0.10196078568697,0.243137255311012,0.054701881944107,0.06747753693167,0.054901961237192,0.027450980618596,0.027450980618596,0.0108359922725,0.031588348129983,0.074509806931019,76.1113492493067,171.291215722851,0,76.9576783555018,172.553808948005,76,162,0,20,20,20,353,65,164,1,1.16945613775048,0.824496512780341,1,0.672380952380952,0.826785835000766,28.2602693889012,27.459060435492,8.06225774829855,3.46962612177997,3.16227766016838,15.5316054943064,15.9915548252588,53.8967379248743,73.248,0.959239130434783,0.596092253702271,0.010252472815326,0.180201437160046,0.107517042226549,0.002157081163847,0.006776227101984,0.005751026908192,0.024532343060742,0.036399542606129,0.003556677291325,0.005148962759347,0.008962986716468,0.025045457810095,0.019332221190822,0.00749620472909,0.014244399742133,0.00255545319232,0.000509284017256,0.004817122233897,0.006986807633693,0.007960609688973,0.015734057667484,0.012521977730377,0.012487352298949,0.005898980971488,0.000898002763821,0.001634531837056,0.002421550025579,0.004726462371788,0.00417907649694,1,1,3.73333343304694,20.8941182792187,0.047058824449778,0.011764708906412,1.27372423853898,0.117647059261799,0.149019613862038,0.062222223884116,0.059190136768325,0.054901961237192,0.027450980618596,0.023529412224889,0.022235290549014,0.018466965322154,0.070588238537312,66.3680555658074,165.068506015451,0,65.3059490084986,164.365439093484,0,70,174,0
10uM,O07,21,11,3039,354,112,1,1.2850772567715,0.497174096306872,0,0.481006647673314,0.294287057866869,75.2366105240286,80.3990049689671,15.2315462117278,5.73275022232691,5,62.7747113112102,65.2791056235307,21.4113379767091,360.233999999999,0.824135593220339,0.552906577086868,0.081152542631343,0.1364734131325,0.036106353545908,0.02338494951831,0.042886938777872,0.059763270280466,0.013044832771854,0.011615412038268,0.017290215826729,0.030125753234828,0.007072784270926,0.039624406335997,0.015961358536259,0.013491341126439,0.007758124672201,0.00821228078851,0.006686302160073,0.007474162599597,0.010294174001173,0.025881114888157,0.012601467370534,0.007817266486116,0.009092907048588,0.004299695188581,0.015462754687877,0.014393741075895,0.004158427801613,0.008485683034392,0.005291307466813,36.4156872704625,331.211772900075,0.082352943718433,0.015686273574829,1.06951518974138,0.729411780834198,0.729411780834198,0.12428562208349,0.10898709210269,0.098039217293263,0.066666670143604,0.047058824449778,0.077532953118175,0.048164261889254,0.113725490868092,356.277460073998,92.8943628927995,0,355.233629483383,93.1273445212241,354,90,0,11,11,11,407,367,92,1,1.27713357196998,0.859840766589416,1,0.725490196078431,0.614267537803074,32.4357149837747,32.9848450049413,8,3.36576852867373,3,15.2562723544726,16.5604530514371,8.4153535169026,91.248,0.888646288209607,0.470944175850772,0.0632197337334,0.173508108181038,0.073536506473421,0.047548192415614,0.028375459613796,0.013263203095648,0.041938767299723,0.017598867928092,0.006080603855561,0.013743567369299,0.013112081994966,0.002543954228381,0.002027567425259,0.006318301583597,0.010847628491396,0.01368658337015,0.010117467443671,0.007172195903777,0.005391889413533,0.00077312262693,0.00255719513457,0.002065076830415,0.005221525823544,0.010053355891071,0.011759639296981,0.011969014490308,0.012150406488834,0.010502827862283,0.002297425854425,1,1,15.2000004053116,98.0745123773813,0.133333340287209,0.054901964962483,1.92389023512968,0.549019634723663,0.854901969432831,0.197402602666384,0.240969317880544,0.176470592617989,0.090196080505848,0.090196080505848,0.093586933030207,0.164676129981399,0.291176483035088,362.833699864547,91.1522251933816,0,364.756756756757,91.2088452088452,0,355,90,0
10uM,O07,21,12,2449,226,85,1,1.36912194599592,0.647151033084465,0,0.538952464788732,0.101126530155814,73.4061626132429,77.4209274033836,12.0415945787923,4.49867702426034,4.12310562561766,59.9266217969944,55.962055526073,-55.8497452677304,551.653999999999,0.712229169696088,0.520214154997733,0.022181480725925,0.147806987300557,0.048202293905776,0.011732546142313,0.008307757119841,0.066453223933095,0.020326203615282,0.019207002020326,0.039577046346617,0.010325188361252,0.00258966498368,0.054998535760896,0.015096229322976,0.008117867835791,0.012576089164975,0.02634335152336,0.009277562855765,0.005918014743566,0.001998121485393,0.007434364437425,0.01087512402297,0.007795108454601,0.009879255604278,0.004601443677977,0.008851923453755,0.003835349335156,0.003766533592596,0.003640925614958,0.004993370220977,30.4196089915931,243.713733039796,0.070588238537312,0.011764705181122,3.11097618975367,0.26274511218071,0.470588237047195,0.080475156062416,0.099515611694486,0.078431375324726,0.0588235296309,0.04313725605607,0.022196879626399,0.060202097651208,0.094117648899555,212.972725940604,103.78399595847,0,213.070641077991,100.674561045325,200,113,0,12,12,12,438,208,100,1,1.05346730149548,0.688876271177873,1,0.73,0.871081881598492,27.7915924380494,27.2029410174709,9.89949493661166,4.05355577170112,3.60555127546399,19.0918830920368,20.1455401700126,-48.2760678689745,79.49,0.948051948051948,0.753620162964866,0.050410760975853,0.148566314737761,0.090164287908888,0.004263635060766,0.011124229472168,0.039023222271202,0.013856999023709,0.021441867389289,0.020021595496516,0.016190116716329,0.006412723302755,0.012292064968316,0.012604503256464,0.01838945852732,0.007018754581406,0.00322017220746,0.001537636247775,0.008483372334148,0.003347946087845,0.013142012793079,0.002860906295121,0.002689176201429,0.009493578376629,0.003335851071151,0.01093472549713,0.010000059502637,0.006432347536441,0.003369115582276,0.002666360952232,1,1,7.91764729470015,44.4392169117928,0.082352943718433,0.011764705181122,0.918721712629907,0.329411774873734,0.329411774873734,0.121809958380002,0.101459399341993,0.094117648899555,0.062745101749897,0.0588235296309,0.057605806123481,0.031877066257773,0.109803922474384,207.932756788121,101.543328621695,0,207.593607305936,100.689497716895,0,201,112,0
10uM,O07,21,13,2477,311,98,1,2.07306831453027,0.889034757861711,0,0.461438152011923,0.111521398822898,103.826434786561,89.2860571421989,12.5299640861417,4.06770435221333,3.60555127546399,53.321597451185,47.5358647092069,6.17828045344054,528.309999999999,0.609498031496063,0.391640805783376,0.015640725392993,0.072419093351797,0.103855480200076,0.013021945248024,0.004122456028534,0.027924176762257,0.049463659916044,0.027406832170822,0.013233666767225,0.00152935109258,0.007846666100235,0.013892745149331,0.005920434754995,0.017507234999668,0.001640362805034,0.031196452619349,0.002852037702195,0.007334950774377,0.009569352014549,0.010506912220729,0.005568030010626,0.005047770917537,0.002646483090546,0.006947129075689,0.026921595038251,0.013351940986515,0.006508352409954,0.002589732965654,0.00878622435178,35.5529422983527,242.392163928598,0.074509806931019,0.015686273574829,4.24953680615598,0.301960796117783,0.317647069692612,0.093560374469349,0.097857151363988,0.086274512112141,0.066666670143604,0.04313725605607,0.035756815331358,0.03440428737162,0.109803922474384,285.228005175638,96.8586474217149,0,281.728300363343,94.4481227291078,303,113,0,13,13,13,711,281,101,1,1.19348831122142,0.836493320273484,1,0.683653846153846,0.783286594324082,40.7769421915126,40.5215991787096,11.4017542509914,4.6534086881644,4.12310562561766,22.3606797749979,22.3448313852288,21.6003472183518,106.802,0.966032608695652,0.551323578749513,0.030852459224798,0.185100579354032,0.096402382000618,0.022243551068725,0.006057547844445,0.009984352135384,0.032982385853847,0.036491658053258,0.00330587195912,0.004061668503394,0.003203917119079,0.017697586943776,0.015856189765507,0.004764039145375,0.016505260444357,0.013094641778547,0.009230111924193,0.00395087781791,0.001566747224745,0.00942168931508,0.011366010064266,0.0117109496084,0.005495033176017,0.008529973979417,0.005957775108137,0.005708184871157,0.004413581817366,0.00299501671655,0.001160846303336,1,1,9.99215711653233,71.7568642012775,0.090196080505848,0.011764705181122,0.812231839345298,0.180392161011696,0.180392161011696,0.112271428275644,0.100923859636115,0.098039217293263,0.074509806931019,0.054901961237192,0.023809613212503,0.017109714547153,0.109803922474384,282.033938131929,101.126844452443,0,281.392405063291,100.628691983122,0,299,101,0
10uM,O07,21,14,1732,180,122,1,1.5852554446973,0.688450173593579,0,0.450689565443664,0.061358072372165,67.6261046037213,66.2193325245732,8.60232526704263,3.16020464766073,2.82842712474619,49.1317430669377,49.0481073072814,50.1354079105383,595.583999999998,0.662332695984704,0.47747514453779,0.023176091723573,0.113996670576778,0.056899492016448,0.005021644643072,0.025190997859401,0.066724902004898,0.010884056742952,0.010445869806831,0.016941598525174,0.023731109550239,0.019555415216542,0.053494937991381,0.037050775572406,0.013057690971868,0.006452347855273,0.020515557182716,0.007698291245578,0.009316529393779,0.008011893555679,0.022973429358696,0.015122808105239,0.013025076919057,0.001431615861563,0.003202479240136,0.005584198792566,0.003362433160419,0.003643200207441,0.004723252345399,0.002458116688077,33.2039227485657,178.627456340939,0.070588238537312,0.011764705181122,3.88022097169258,0.333333343267441,0.513725519180298,0.085798249996294,0.103133635300773,0.078431375324726,0.062745101749897,0.04313725605607,0.035734026294111,0.064953514904963,0.10196078568697,161.598287634029,109.962107623872,0,164.304272517321,112.743071593534,150,110,0,14,14,14,416,163,112,1,1.1145696161823,0.777566745072799,1,0.727272727272727,0.813191362564445,29.1267387602297,28.6006992921502,9,3.81623441658536,3.60555127546399,17.8885438199983,18.3149053054473,58.1927225599981,80.178,0.957422324510932,0.644402410171586,0.02216949018076,0.181797852272519,0.098816924638177,0.005717671871237,0.014314178758545,0.016359241352523,0.016765177352414,0.0274479726268,0.003806359780738,0.006063943494488,0.007733230045306,0.022966860086372,0.02832040855469,0.007977809336894,0.007214261801547,0.000884762350802,0.003152634741458,0.008810726631303,0.004677729555496,0.005204676867974,0.005314054441873,0.012552839044661,0.008767544337274,0.001651598660977,0.001879271203898,0.000713349548143,0.004439436224637,0.005577384449773,0.002588740380217,1,1,9.36470614746213,63.6784331351519,0.082352943718433,0.039215683937073,2.82373194794658,0.333333343267441,0.545098066329956,0.139771733544211,0.153073156574884,0.109803922474384,0.0588235296309,0.050980392843485,0.070486390478007,0.090760647834447,0.211764708161354,160.574393398612,108.894753054842,0,162.052884615385,111.300480769231,0,164,107,0
10uM,O07,21,15,11813,417,175,1,1.11085458317234,0.517540769339722,0,0.534500701325732,0.401920485026838,138.649283671064,160.290361531815,41.3037528561268,13.7040647359429,12.0415945787923,117.85158051918,118.636444853015,-85.7209500648809,607.735999999998,0.874518803671898,0.58540375751981,0.039933721286856,0.199268390400064,0.026875954133288,0.014273045562911,0.007984448063081,0.033571829227391,0.003909403004792,0.032171505037797,0.026684064571209,0.006650769027005,0.00240222483061,0.017219384662342,0.015688570385069,0.029438088971352,0.007486061819662,0.007478022102694,0.011290721036426,0.005502699720147,0.004046418790491,0.015465365821827,0.008229608363046,0.001201251472072,0.003696384789479,0.009023742036588,0.015400573831705,0.011283626483082,0.009894759232693,0.004287082127814,0.001386028542125,50.1803935319185,1144.17650020123,0.078431375324726,0.007843136787415,2.25519167822324,0.411764711141586,0.960784316062927,0.101579743991738,0.096857402878289,0.090196080505848,0.066666670143604,0.050980392843485,0.044859893213156,0.046409872479408,0.098039217293263,417.404798428449,153.90442994323,0,419.051045458393,155.445780072801,407,137,0,15,15,15,551,412,125,1,1.17613818118732,0.815633137899743,1,0.725955204216074,0.816711318538384,35.1866547957445,34.0147027033899,10.1980390271856,4.18883780710957,4,20.1920029004573,20.3579227792631,20.2449916648815,92.076,0.959094865100087,0.606356948270592,0.04964173783397,0.165799472243732,0.110840084038961,0.006096883480128,0.017126446900774,0.008780363239815,0.025128713325928,0.026671006404439,0.00717099829682,0.01939576581887,0.014693463474691,0.016087344315118,0.017026901238835,0.010182292179721,0.007198830927921,0.004323254837915,0.004127542647642,0.011970067258471,0.007506067946626,0.011917158767666,0.011223778155533,0.01133627975236,0.007379515950773,0.005259127289476,0.004373978855148,0.004225679314792,0.006145466866823,0.004354251791964,0.002351370321994,1,1,11.5921571776271,69.9294135719538,0.10196078568697,0.01568628102541,0.811990318473799,0.376470595598221,0.376470595598221,0.148617399713168,0.12691363624674,0.113725490868092,0.074509806931019,0.062745101749897,0.075890441848494,0.042516967856693,0.138235300779343,407.336922386591,123.584903553876,0,406.889292196007,122.907441016334,0,407,134,0
10uM,O07,21,16,774,75,121,1,1.9201589613831,0.723345682137463,0,0.405660377358491,0.079828985392479,50.6057296964367,52.1536192416212,6.08276253029822,2.25986584198408,2,34.533591842107,34.942551830529,-85.1048497846312,349.055999999999,0.553450125134072,0.361553976225884,0.038956143091397,0.102153574199765,0.043288145296077,0.038553601050349,0.018566128731804,0.036116884260313,0.00988163429277,0.008032751174439,0.01939711568162,0.030729658777597,0.006087197764461,0.047541311592504,0.024927265120848,0.01011592090321,0.003781807289978,0.008300142092586,0.016023353311655,0.004871720054371,0.005026316246235,0.02143436564841,0.025682760498867,0.012843366886404,0.008230767578985,0.002142276474585,0.008763858998657,0.011676758413785,0.003145208669932,0.002745558509845,0.00358347861527,18.1058830022812,69.5607864744961,0.070588238537312,0.011764705181122,0.486909883960468,0.14509804546833,0.317647069692612,0.074817698356534,0.089871817150512,0.078431375324726,0.035294119268656,0.035294119268656,0.014852899487291,0.032957840902423,0.098039217293263,80.5406472067111,128.583323934441,0,80.6485788113695,128.108527131783,92,133,0,16,16,16,431,88,121,1,1.46662681510672,0.915971784711548,1,0.615714285714286,0.676298023235303,37.2566961555903,35.7351367704113,7.28010988928052,3.33617539309566,3,14.298541039633,14.9489766764973,-69.1452824132009,89.49,0.943107221006564,0.427736699053551,0.042805375541578,0.152357380387481,0.093231489834344,0.033574206251831,0.022775116702072,0.033338662969483,0.049740472696184,0.035365590021065,0.01279082159877,0.017646817635256,0.012828785597468,0.010149367744704,0.003547358737421,0.015271341887217,0.015931691799861,0.002558746199511,0.004187942118832,0.006775701720669,0.007300879448214,0.004899921725926,0.002940215949936,0.005535493569446,0.004855925555035,0.007945430214526,0.008414771272361,0.008388929970494,0.006541001628594,0.002858057361206,0.004345925027074,1,1,5.59607859700918,39.7921579629183,0.066666670143604,0.02156862616539,0.93727184187882,0.125490203499794,0.321568638086319,0.074614381293456,0.09232519248937,0.084313727915287,0.035294119268656,0.035294119268656,0.016954888773022,0.039191548342983,0.109803922474384,86.4238691288365,125.856312202166,0,86.2784222737819,124.930394431555,0,90,121,0
10uM,O07,21,17,2431,270,156,1,1.48674693728057,0.764006779195786,0,0.492105263157895,0.268453729018189,80.5216940646755,81.1541742610939,15.1327459504216,5.07262436326117,4.47213595499958,52.6231576524202,51.9532585361435,53.5261787366825,337.335999999999,0.806168131321506,0.469973479084601,0.0833240437372,0.112042237064587,0.053139336430011,0.022434913584925,0.00643610108687,0.019062973177952,0.05844984161428,0.035969733018709,0.031177753705711,0.016270504405697,0.009073688911116,0.025434735868898,0.030814342449576,0.012917543776805,0.00525896751709,0.012900970875247,0.012556666254313,0.007233800017193,0.007966733295897,0.022603005473678,0.011395384895213,0.013730994160025,0.006915359253236,0.009283689777362,0.0032060324081,0.010860503471913,0.015357672710881,0.005627705853118,0.003057416909242,25.8549026623368,227.305888790637,0.078431375324726,0.007843136787415,0.908794445445491,0.274509817361832,0.290196090936661,0.095054789199768,0.0935030394038,0.086274512112141,0.062745101749897,0.050980392843485,0.035290487244215,0.033328165545739,0.094117648899555,261.482704443026,140.632610424898,0,261,139.862607980255,260,140,0,17,17,17,472,268,131,1,1.03564036107745,0.600954097623425,1,0.794612794612795,0.865902350583053,27.5951548461502,28.2311884269862,11,4.2213624665549,4,21,22.0563529700182,-12.0980523076664,82.764,0.952573158425832,0.752251905504703,0.112834735615924,0.13346510986839,0.047870466477821,0.010172331386167,0.002372324410581,0.029705218918139,0.018352487886965,0.027381008232053,0.032198835198779,0.013732184875282,0.005365555312907,0.00563677190689,0.010417194494115,0.006255417879029,0.011495307723812,0.014109288440123,0.002347301329214,0.010564865435962,0.003742670494036,0.01358898125451,0.008976057949606,0.009751019131225,0.002891290107444,0.00428865361921,0.00494874354116,0.002298274021432,0.005252423233262,0.006388904846679,0.003914646027912,1,1,8.79215710610151,66.3647077530622,0.090196080505848,0.027450978755951,1.76166313119852,0.274509817361832,0.333333343267441,0.123833198677486,0.140603194392081,0.109803922474384,0.062745101749897,0.062745101749897,0.060073842710178,0.067399381951911,0.18823529779911,266.244755652659,132.277551263388,0,267.21186440678,130.805084745763,0,269,134,0
10uM,O07,21,18,8123,334,189,1,1.26810583178978,0.599500202870339,0,0.528841145833333,0.327750028254222,126.234034686871,147.922276888912,31.7804971641414,10.6593655385397,9.4339811320566,105.413548025776,101.034515526214,52.4248016579798,558.073999999998,0.822374082510757,0.465808205884385,0.075738848006912,0.166028281798011,0.031648872780442,0.033190020715061,0.028969492672749,0.021647050513678,0.013560686360046,0.023792332821492,0.017217548699101,0.03477053694126,0.018375240690235,0.002564569081743,0.017654384943443,0.012172889587451,0.009323267351157,0.010808428052033,0.01773020524273,0.017250721541507,0.004726549369577,0.005306881261688,0.008821381526363,0.009891483212701,0.00612255347644,0.006176930143302,0.009521040631909,0.00350202120772,0.018546074762413,0.011739335721929,0.005982450690097,59.4941191524267,918.776495322585,0.086274512112141,0.015686273574829,5.31636069318165,0.403921574354172,0.403921574354172,0.126853132521166,0.113108026015337,0.098039217293263,0.066666670143604,0.054901961237192,0.049453526186585,0.041068853569208,0.129411771893501,328.472734409435,171.174729328129,0,328.318724609135,176.488858796011,366,184,0,18,18,18,867,310,143,1,1.12514780007345,0.791671253157917,1,0.712993421052632,0.835170351452228,42.536395034088,42.7200187265877,13.0384048104053,5.32474421990729,5,25.7935591244731,25.9874965174918,56.7605971580739,114.216,0.962798445308162,0.603480660929269,0.017302420495054,0.19361804207256,0.092341901858443,0.008499109530499,0.005973986691972,0.010252999075883,0.024121871790092,0.030794335281533,0.004781456508624,0.003276027131509,0.004324781778061,0.024749396606495,0.026386147865663,0.001710982256703,0.012570419532268,0.00600831480895,0.005955147853963,0.001452637295619,0.002467559425551,0.006799208964141,0.007373853622085,0.015884932242992,0.006471604228395,0.00566834575136,0.000464683875699,0.000302412909818,0.002572858129446,0.002053514114551,0.001373931626812,1,1,15.7921573296189,135.270591966808,0.125490203499794,0.023529417812824,0.714292089927709,0.266666680574417,0.333333343267441,0.164501638850197,0.156021444021693,0.14509804546833,0.109803922474384,0.090196080505848,0.036116817695806,0.041095264935067,0.180392161011696,309.787383310318,141.80118279544,0,310.086505190311,142.449826989619,0,311,139,0
10uM,O07,21,19,2495,131,165,1,1.47830927295111,0.367824695429534,0,0.437719298245614,0.032766929929934,70.8922181928785,75.6439025963098,9.21954445729289,3.11724037478677,2.82842712474619,67.0044320073638,65.9223300013752,84.0471924190443,978.187999999998,0.618339529120198,0.530585255997339,0.040600955016747,0.108354469402246,0.017375785813659,0.021096151985695,0.0316870640896,0.058543762415098,0.008929252869052,0.013723495266742,0.025965323736769,0.022454488495564,0.029415770186423,0.033441867338238,0.006971100113447,0.007002301538253,0.009573645621656,0.02850011965899,0.00317221989314,0.010952248957792,0.014646540370828,0.014878439991419,0.006233854031423,0.003924173495551,0.00166665544757,0.004841777239149,0.01339871359281,0.001697386228893,0.007630960795006,0.017995047187213,0.003177060752908,52.1411784812808,228.662752531469,0.066666670143604,0.007843136787415,0.953269961238138,0.666666686534882,0.964705884456634,0.081090479753158,0.091648397808204,0.074509806931019,0.050980392843485,0.035294119268656,0.046559206944086,0.08363019913271,0.086274512112141,132.719511564895,155.928707391996,0,133.380360721443,155.241683366733,127,158,0,19,19,19,474,125,148,1,1.10312756602856,0.759273341171908,1,0.79,0.864508432237687,30.6175905031069,29.6141857899217,10,4.10565238703461,3.60555127546399,19,19.9250658409529,-11.2214630443,83.006,0.959514170040486,0.68815911539848,0.039218521320747,0.161288585976536,0.105481581272822,0.008815983639216,0.015939347023456,0.019765465487931,0.005790354339883,0.023602723803875,0.013440943548977,0.015281773120516,0.006758958539636,0.016416161872802,0.022125643750677,0.018600356009911,0.008506137920198,0.006411598248435,0.007388525320686,0.006437374491186,0.001095317434151,0.000493807028846,0.005328969813977,0.003755719442243,0.012815517812991,0.004620478321908,0.003249530970592,0.00802461412542,0.007791560802535,0.004207448484362,0.001332605723097,1,1,9.8784316405654,49.8352955020964,0.070588238537312,0.019607841968536,1.49252751781971,0.964705884456634,0.964705884456634,0.139132840007963,0.105137754223832,0.086274512112141,0.050980392843485,0.04313725605607,0.158985718836022,0.078666999396832,0.109803922474384,127.894554612335,149.056814602401,0,127.145569620253,147.76582278481,0,127,158,0
10uM,O07,21,20,4478,242,178,1,1.62735910667836,0.852627893812507,0,0.471765697429414,0.174335678794382,120.54733956637,115.870617500728,19.2353840616713,6.34425686987182,5.65685424949238,73.6342992054812,62.9882256443802,24.6550142547342,568.137999999999,0.708824693312228,0.417582363752442,0.101193622902293,0.084805740232113,0.057314992752346,0.072453375845541,0.016058786558326,0.043057525884394,0.02237964019117,0.029278721459992,0.018722227615925,0.017786744598616,0.005375681248459,0.002234540335318,0.015904878106213,0.018739707436814,0.009848670458898,0.008968833900498,0.005838740519722,0.006915549143646,0.004131434384286,0.016464235187596,0.01691867375771,0.008848328303651,0.006409014624375,0.006887398208985,0.003575749491442,0.008757480704808,0.002564546437505,0.002089409715996,0.000379498225305,52.4627467542887,503.313740454614,0.074509806931019,0.015686273574829,9.03629111547008,0.419607847929001,0.596078455448151,0.122290784975032,0.112396994295358,0.086274512112141,0.062745101749897,0.04313725605607,0.072752116735156,0.068799822047668,0.121568627655506,226.198005328299,174.648595536474,0,220.897052255471,167.330504689594,252,205,0,20,20,20,448,208,162,1,1.22535988357409,0.839741451689904,1,0.71451355661882,0.742490560369547,32.8884912988002,32.1403173599764,9,3.67975197226835,3.16227766016838,18,17.8580054217812,5.65435103007528,87.076,0.935281837160752,0.551650355466055,0.054615874291534,0.167936709911082,0.09645809797503,0.042520658496226,0.011739388184944,0.008408194890657,0.027733889670943,0.041745458830948,0.006428881971131,0.005998734666437,0.000938668822811,0.012023435131993,0.00607712487618,0.005266517777149,0.020199913373078,0.019652666722034,0.012014270498194,0.00509241196235,0.001768522507876,0.005255691922553,0.007664954316032,0.003866747893982,0.007545064671411,0.010903391426766,0.006022236546087,0.010763357477833,0.004663868410369,0.006334194829284,0.001917297168924,1,1,8.44705902785063,51.5215699896216,0.090196080505848,0.019607841968536,0.690867811502334,0.270588248968124,0.270588248968124,0.117320264275703,0.11500350444112,0.105882354080677,0.062745101749897,0.062745101749897,0.049335584033899,0.034232808657335,0.133333340287209,210.782386977409,163.73207489181,0,210.169642857143,163.412946428571,0,218,171,0
30nM,O16,47,11,2911,441,158,1,1.39268128414993,0.577647957117445,0,0.538874490929285,0.299110045994192,78.6181377776614,84.4037913840368,16.1554944214035,5.43725358772191,5,69.5266737275806,64.1748853989935,-28.782892738792,349.711999999999,0.813128491620112,0.459767032526679,0.007560299987731,0.165463632061094,0.029366483029889,0.018491080573322,0.043728644971809,0.028955936311028,0.014638073322128,0.013662867447691,0.02351080597472,0.035549935508986,0.014712674068363,0.053352005775691,0.010832134917009,0.0093365431105,0.008527641281578,0.024654119973391,0.00270667854318,0.008693327259795,0.01217288917327,0.021427334697343,0.014212321467368,0.006535572354595,0.009524291843066,0.006140167582907,0.013926544886514,0.01188679403155,0.006646839147579,0.01131081330735,0.00073263903413,117.843139603734,1216.40002585948,0.364705890417099,0.050980389118195,1.86546435633904,0.576470613479614,0.713725507259369,0.402195015712403,0.417863286107686,0.415686279535294,0.239215686917305,0.207843139767647,0.070577157406167,0.072437346172394,0.470588237047195,460.367023192999,153.071686953963,0,459.198213672278,154.525592579869,467,162,0,11,11,11,462,466,150,1,1.03451561462247,0.473487942477163,1,0.777777777777778,0.734529490511806,26.214671683469,27.3130005674953,11,3.98842763414217,3.60555127546399,21,23.0898906809488,84.6206083031793,88.904,0.908554572271386,0.786388944494791,0.091610287478747,0.126229737419031,0.037523290238627,0.025086858479863,0.017891806547848,0.033660096671765,0.013673194945459,0.019449801516898,0.020778055274472,0.010730309052973,0.015753711953166,0.002743069756364,0.006022138190174,0.015147058565357,0.018864730852108,0.01415210653094,0.005317183539838,0.011147022504424,0.008739895017142,0.001051597193906,0.002007621377002,0.001338556371202,0.012283330121904,0.012996753380719,0.001984764482459,0.007358574931199,0.002423055134197,0.01214275737522,0.004576961589061,1,1,35.7411774098873,212.721571594477,0.43529412150383,0.023529410362244,0.050443971897806,0.576470613479614,0.576470613479614,0.49640524180399,0.460436302152547,0.454901963472366,0.407843142747879,0.368627458810806,0.043755482499674,0.038054217186676,0.482352942228317,465.986062968167,148.622741687546,0,466.017316017316,148.662337662338,0,456,145,0
30nM,O16,47,12,4679,390,172,1,1.2052950802535,0.369519322524577,0,0.507924446374294,0.361606057547956,87.6666019419106,98.1529418815351,19.723082923316,7.369681083994,6.70820393249937,78.7371810665741,81.4618269390972,-13.9976580281628,403.239999999999,0.841319787827025,0.608867985353496,0.01476255453251,0.161324860761076,0.016500753000209,0.021602780809205,0.012186383200407,0.083243834949003,0.004234960652449,0.03407784511957,0.018983944182794,0.003874464550367,0.015161876074925,0.041976746113933,0.015662063668988,0.019586252754788,0.005463792721795,0.016877159723257,0.005784535472479,0.016060806331231,0.008306848564626,0.011116591021913,0.009551610639158,0.014880898348788,0.003147134680451,0.006263335332779,0.016015962017113,0.004014339600417,0.004037310538618,0.006866470117856,0.008029767833823,96.9058857709169,1376.9020114243,0.266666680574417,0.023529410362244,1.09378316570921,0.47843137383461,0.47843137383461,0.299092240033694,0.294272710285168,0.290196090936661,0.207843139767647,0.192156866192818,0.04387349415046,0.039240473473088,0.313725501298904,368.743254279609,179.756628960413,0,369.547766616798,179.015601624279,367,182,0,12,12,12,503,357,177,1,1.04457099809829,0.664336133529255,1,0.748511904761905,0.869780068702122,29.3319102543657,28.7923600977759,10.816653826392,4.3427258677497,4,21.3559575546713,21.9236653869598,-27.4908011835147,85.248,0.949056603773585,0.769318350467914,0.048607116203705,0.145614962697368,0.083920831584796,0.006822490727777,0.008940978438034,0.046890773483087,0.012445296891239,0.013157585226646,0.019682625723465,0.013062490014942,0.005986734782891,0.003109240048548,0.016444514511096,0.016504043278065,0.004426528856729,0.008911224211385,0.0081865624612,0.00505070849137,0.004809725901513,0.006103911824992,0.008557712587017,0.005998905820581,0.008615078322414,0.003471011311918,0.006874656163289,0.013554088286725,0.005253915677793,0.002530187617023,0.002300099852527,1,1,24.7921574860811,171.03137730062,0.309803932905197,0.027450978755951,0.471658645972865,0.47843137383461,0.47843137383461,0.349185316705368,0.340022618887913,0.341176480054855,0.24705882370472,0.243137255311012,0.050308645625179,0.04192943304994,0.364705890417099,357.947974231369,176.975901641064,0,357.974155069582,176.504970178926,0,367,182,0
30nM,O16,47,13,3740,88,175,1,1.76982515510765,0.886355419241893,0,0.403408478049833,0.031308876965022,117.633338461204,142.239235093556,22.0227155455452,5.77315910978551,4.12310562561766,62.3388682406188,54.4648798644649,-21.1254047939507,1225.2,0.61956431707115,0.235365554434041,0.034842199644366,0.12700696050993,0.03688961574949,0.037988558305885,0.003476075523901,0.041940623449131,0.03914954606844,0.012087141725762,0.021781938808051,0.005796512737668,0.001379276637431,0.014329784858693,0.015987265231657,0.014490851749299,0.00607265299016,0.005787066198856,0.006374115038059,0.005197639962493,0.000690238303201,0.008128911671976,0.006028547485503,0.004008833287476,0.008750287109846,0.003576460623765,0.003057303980754,0.007692704309243,0.006335232044702,0.003116490648017,0.000641070912991,145.600002504885,753.58824903518,0.184313729405403,0.015686273574829,0.190538594057863,0.298039227724075,0.329411774873734,0.198907107247111,0.201494184234005,0.200000002980232,0.074509806931019,0.074509806931019,0.024210276173485,0.028517462014759,0.219607844948769,85.8763406162999,180.83612521484,0,85.6959893048128,180.897593582888,70,164,0,13,13,13,629,54,182,1,1.31747336654316,0.881371405263737,1,0.578125,0.607736928515416,41.5460828234589,43.139309220246,9.89949493661166,4.06978706444821,3.60555127546399,19.3655464741872,19.6273670806223,-41.1043596154543,114.044,0.931162102146558,0.430342651068467,0.008940068691071,0.185981990571315,0.077593323202795,0.005638364808879,0.009876116041735,0.038606989740511,0.052267024646346,0.029208757609448,0.003565929847984,0.005806881526402,0.008085972164529,0.005100111015469,0.006478357768572,0.014996118881719,0.014992644497802,0.00325728096696,0.001803181545256,0.006096776055906,0.006417207719595,0.012664127266993,0.013873221047011,0.005302786680211,0.004568351156647,0.009401344998078,0.002299953313511,0.002110418482181,0.003170615917944,0.005983725035851,0.004817895222428,1,1,15.3254905939102,104.411767654121,0.149019613862038,0.019607841968536,0.281175118022839,0.239215686917305,0.239215686917305,0.170283228821225,0.165996450960447,0.164705887436867,0.074509806931019,0.070588238537312,0.028072501094068,0.025548459465944,0.184313729405403,51.3452018603843,183.924732394841,0,51.066772655008,183.885532591415,0,67,178,0
30nM,O16,47,14,2719,424,187,1,1.78075842928233,0.881746545063749,0,0.493466424682396,0.279983465892239,100.289862555908,94.8314293892062,13.9283882771841,4.95167431664318,4.47213595499958,45.4153846153846,47.3090817707747,14.8468431251137,349.335999999999,0.793984523288071,0.383988196301623,0.052179265784871,0.107353725026323,0.076988797901423,0.045052904648774,0.017417077813686,0.027380266608687,0.039463509877997,0.032508031040204,0.003982753106714,0.011095916667249,0.004854630233502,0.030234353375116,0.001476013335389,0.01768459692302,0.015987542317738,0.030258876961869,0.00399130780134,0.005212349597451,0.001700145492574,0.00704974743615,0.00539226946858,0.003867795708523,0.009257768424343,0.007349272338042,0.025710932645739,0.015230843242785,0.006770245758873,0.002464531058839,0.001733731409881,127.831375479698,1185.97650185227,0.317647069692612,0.054901957511902,1.08782851732187,1,1,0.440797846481718,0.436181133450634,0.356862753629684,0.207843139767647,0.207843139767647,0.209163119247206,0.177289523345154,0.522549048066139,452.588713170314,196.889522679697,0,451.64545788893,197.431408606105,455,188,0,14,14,14,527,452,199,1,1.18053659227002,0.829531636037933,1,0.704545454545455,0.801409510317776,34.7770584473106,34.2052627529741,9.8488578017961,4.10052047014572,3.60555127546399,18.9736659610103,19.4215865081637,18.5351856940316,90.904,0.948694869486948,0.573501914594385,0.026027395250613,0.182855763794041,0.10133706995681,0.018994447773425,0.001957753779441,0.004988307895964,0.031270400683349,0.035118749786926,0.003551523909884,0.00384490252216,0.002106790231655,0.018272946020544,0.018026820276006,0.001690960618723,0.015097292011431,0.011159115452836,0.008451233080066,0.003670739381897,0.002696442698227,0.008354777198292,0.011853356678855,0.013972168911369,0.009028075307189,0.007472362280881,0.004065438230588,0.004814374037476,0.003945008659927,0.001826464466505,0.002411757440829,1,1,60.6000009179115,323.286282449961,0.494117647409439,0.094117671251297,0.568300028922986,1,1,0.797368433130415,0.613446456261785,0.5686274766922,0.61176472902298,0.388235300779343,0.106976317049074,0.147300846328344,0.709803938865662,451.845289776972,197.777541935276,0,451.567362428843,198.273244781784,0,457,191,0
30nM,O16,47,15,2621,294,193,1,2.17967640771009,0.943175133963249,0,0.413667929292929,0.255369294546295,114.288361983453,110.276924150069,14.8660687473185,4.92461985050996,4.24264068711929,41.5458156078389,37.9775715623951,29.7921209750262,359.131999999999,0.801529051987768,0.274415002610876,0.024021915345076,0.106071844636298,0.064258869969505,0.028333470035641,0.010657508504429,0.014861184066456,0.047973971762976,0.028973786822565,0.016253426584674,0.014744081260006,0.006322695966107,0.010817128327467,0.014164787100955,0.023259699767507,0.016730259191007,0.002019417600009,0.011088313538367,0.006841470694275,0.004818688656466,0.020012562651654,0.000318373592814,0.006130747324979,0.014208442626553,0.010503291638138,0.006895135084983,0.003503963107963,0.003408871772096,0.004257416241553,0.003920464671782,107.776474252343,994.145127341151,0.309803932905197,0.058823525905609,0.82281586627788,0.623529434204102,0.686274528503418,0.366586647116814,0.379299934124819,0.352941185235977,0.18823529779911,0.164705887436867,0.109561031321618,0.096829571296965,0.447058826684952,317.770980687492,205.839314089474,0,317.220908050362,205.22739412438,317,199,0,15,15,15,454,313,207,1,1.2100181125272,0.842881962286486,1,0.720634920634921,0.80052522483069,32.967253254975,31.7804971641414,8.94427190999916,3.78296979766124,3.60555127546399,17.3925271309261,17.7396295853516,20.703777764458,84.42,0.95578947368421,0.572327478524519,0.010015553723833,0.175624928791878,0.109570206394066,0.005725990643282,0.005826258374576,0.005966679195423,0.039403396153098,0.031201892966865,0.003458926941155,0.00788679167061,0.001461022718699,0.008850121875252,0.017771210356996,0.007465671483454,0.011420772597656,0.003080855090117,0.004496771035608,0.002534153595552,0.00085741988073,0.011464340964561,0.012070210937091,0.019786239398294,0.011705897707671,0.005665559210059,0.001594346408529,0.001819783282207,0.002702061312652,0.002083836042865,0.001066204281294,1,1,39.4784329533577,223.243142664433,0.443137258291245,0.039215713739395,0.272705090958954,0.635294139385223,0.745098054409027,0.548311568796635,0.491724983842362,0.47843137383461,0.454901963472366,0.34901961684227,0.0457624987003,0.063892088381241,0.533333361148834,318.576879195703,209.10943838505,0,318.352422907489,209.264317180617,0,324,207,0
30nM,O16,47,16,8274,213,186,1,1.44247539696441,0.832032860070512,0,0.479041222788328,0.087007427341024,152.180762076059,166.604321672639,29.2745623366089,8.95622137689682,7.81024967590665,89.5751271479178,84.4186781899269,50.8123113834078,1093.162,0.779793600678573,0.379536116768337,0.075836821570025,0.14144431152401,0.042620036240626,0.068017878404848,0.004041835551805,0.003124026226952,0.020631300925535,0.024363940174161,0.01867440227122,0.007471372870651,0.005182751314079,0.003676814393765,0.015686638762977,0.022122504670355,0.01384159119416,0.01049593392927,0.006871914117167,0.000503566414859,0.003177749767024,0.01523563197382,0.01666104488775,0.005373291830611,0.015963918274924,0.006173704063836,0.004713679813364,0.006746927389403,0.007382982788535,0.00386064693339,0.001828593059597,182.411768466234,2252.8039784357,0.200000002980232,0.062745094299316,9.21883497461901,0.549019634723663,0.556862771511078,0.252647878762097,0.272275075953069,0.258823543787003,0.184313729405403,0.105882354080677,0.079711255313083,0.084313480512468,0.329411774873734,224.897979915127,207.810857113969,0,219.693376843123,200.201716219483,244,218,0,16,16,16,549,232,225,1,1.09083895358422,0.753024321722879,1,0.726190476190476,0.861456182728959,32.6510894913363,31.8904374382039,10.6301458127347,4.42082104697401,4,20.5060966544099,21.4841779775816,47.911315058079,89.49,0.961471103327496,0.683036328720799,0.031269222791688,0.171902615045059,0.098738460131021,0.012622252772175,0.006092201864451,0.027806828714798,0.005854926423894,0.026132114636482,0.014402042754158,0.006904751869684,0.003503050664842,0.017702433861382,0.025154998281416,0.014719393117183,0.007415207621146,0.00783726143996,0.009358687011255,0.005048162628998,0.003646963346404,0.003151851662233,0.001241308090919,0.007365806036843,0.013350559055586,0.002293397180898,0.007530587295023,0.007680067046421,0.003252626062928,0.003050948072374,0.002926037831367,1,1,32.858824044466,206.254906356335,0.337254911661148,0.037254899740219,0.612523691627564,0.549019634723663,0.549019634723663,0.444038162763054,0.375691997006074,0.366666674613953,0.329411774873734,0.254901975393295,0.052607627783173,0.055730773319794,0.411764711141586,232.779655828658,225.389124421704,0,232.205828779599,225.174863387978,0,242,221,0
30nM,O16,47,17,4378,80,221,1,1.7153181103564,0.884662954784647,0,0.457471264367816,0.088596292874821,125.135024950231,126.210142223199,16.2788205960997,5.36317579791938,5,64.4643308290606,58.3418427230932,-35.1213164441925,788.015999999998,0.734440530112397,0.349943042680052,0.064102516298649,0.116400379084242,0.058534982517053,0.051012875017296,0.021145306953038,0.013945566707904,0.04060174972227,0.016751100100192,0.020929329655294,0.01941037743818,0.005905660442741,0.007540935099745,0.014687264579298,0.012813304882876,0.0081898987695,0.014586936006156,0.002795315404246,0.003216530683052,0.001982294947025,0.014573061592255,0.007802107751525,0.011700764199262,0.006035223244633,0.006632136097592,0.011866089817804,0.010071687443325,0.006954510422228,0.004347884892539,0.001439457525049,115.184315755963,956.372571229935,0.192156866192818,0.027450978755951,0.905785099460011,0.39215686917305,0.39215686917305,0.215297786459745,0.218449650806289,0.215686276555061,0.16078431904316,0.105882354080677,0.027158711665161,0.036202514893707,0.243137255311012,54.1505566352167,238.287323458702,0,54.7313841936958,237.592279579717,47,249,0,17,17,17,668,49,237,1,1.63516297895543,0.93846065484948,1,0.475106685633001,0.619279028033031,49.8397657973143,47.5078940808788,8.48528137423857,3.85919378619979,3.60555127546399,16.2634559672906,17.2139653081562,-46.2843057850559,116.426,0.966015907447578,0.376838287941111,0.006191852159347,0.144430065648749,0.091599983078502,0.001324315749673,0.005097857374326,0.046261990042424,0.057032710446678,0.040678466401324,0.003387610990292,0.003558369784559,0.003407886876168,0.017288807260136,0.016653544156652,0.023129379702431,0.021583155644159,0.001974875399911,0.001035125342172,0.002777459025843,0.002338973000689,0.000157104067484,0.000462987436039,0.002215410022317,0.007801296290778,0.012484710176732,0.000807080037591,0.000296553949846,0.000684291949555,0.002306240104387,0.001623099456562,1,1,21.8156868070364,150.44314032793,0.20392157137394,0.019607841968536,0.253479975719767,0.39215686917305,0.39215686917305,0.239732822055345,0.22521428192804,0.223529413342476,0.156862750649452,0.141176477074623,0.032474763334923,0.030875367953522,0.243137255311012,47.4093006409159,238.248781393934,0,47.1616766467066,238.194610778443,0,47,249,0
30nM,O16,47,18,5790,286,271,1,1.48936547562872,0.674474750086615,0,0.501559251559252,0.295790769487672,119.024678025072,118.562219952226,21.9317121994613,7.63096901415283,7,88.507230156468,87.8756716357601,15.426482448543,495.965999999999,0.758151106455414,0.497039298544681,0.087652871042791,0.098213289602724,0.038816355236813,0.043987586103252,0.051727560286292,0.060506800700102,0.027205867565774,0.030981066639467,0.00736835280714,0.018431584315205,0.014515823762503,0.038933127801838,0.002266392518903,0.017591248157659,0.001426143082522,0.015331094199657,0.014670769524992,0.011593066961887,0.007085437773433,0.025662679000829,0.010841288466909,0.009778166992236,0.005606753956547,0.004392087512887,0.00388961108553,0.007131867112124,0.00210878263489,0.005826600913463,0.008363760582089,142.482356950641,1954.26672239602,0.30588236451149,0.027450978755951,0.855519864995351,0.541176497936249,0.541176497936249,0.337635916944646,0.337524477097757,0.333333343267441,0.207843139767647,0.192156866192818,0.050475728921443,0.043388618991394,0.360784322023392,303.91781889871,254.067187354611,0,304.744559585492,254.287219343696,301,255,0,18,18,18,974,305,242,1,1.1069968320729,0.769743980399879,1,0.719881744271988,0.821742888728715,44.167311487964,42.9534631898291,13.6014705087354,5.657048570747,5,27.1115193738496,28.1943237523128,24.2380917389163,122.044,0.963402571711177,0.67117865027034,0.007013259081926,0.172676239242018,0.104818017400615,0.006951709979264,0.012873331579395,0.021053189694589,0.010992094076899,0.023379626407495,0.001543680116248,0.003475251217999,0.008113650081506,0.020125034566552,0.027518302079702,0.017410060936297,0.005156922828607,0.003893660208603,0.001608467074505,0.004623300513443,0.003168782964614,0.001272044272959,0.002539973034706,0.010705888807319,0.011722140455335,0.002603275519877,0.001381418791248,0.001194005393776,0.001414477549642,0.005481573528164,0.000581124601581,1,1,39.956863462925,362.337262541056,0.345098048448563,0.023529410362244,0.455337039716688,0.541176497936249,0.5686274766922,0.391733955518872,0.372009509795745,0.368627458810806,0.321568638086319,0.26274511218071,0.047871700645828,0.040381972024692,0.396078437566757,304.099906961281,241.421197890382,0,304.554414784394,241.448665297741,0,314,235,0
30nM,O16,47,19,4552,383,242,1,1.28876347730112,0.682856747386483,0,0.638877192982456,0.365045021923189,98.5535249928879,97.4987179402888,19.0262975904404,7.20323555751507,6.70820393249937,72.8187888494528,71.9985043238442,5.41268518423403,395.851999999999,0.833241808530111,0.605377578193713,0.074442496838861,0.114949351021198,0.062642244078797,0.032562556270593,0.023615340117688,0.071475074090963,0.023152362478376,0.022922973425052,0.027678784154848,0.012634802555405,0.013853188577558,0.021718577076783,0.020130095387097,0.004858188379794,0.014364251976007,0.016900435528622,0.007641807508974,0.005462386819003,0.008461155616225,0.019737314406968,0.009781754461236,0.018602365568966,0.008425840386882,0.006900837646941,0.011774692224232,0.006077975984643,0.006103398968371,0.003094107958608,0.008330741626574,128.917650669813,1701.72945840657,0.313725501298904,0.047058820724487,2.65641736149632,0.666666686534882,0.666666686534882,0.384828807969591,0.3738421481561,0.352941185235977,0.235294118523598,0.20392157137394,0.094962124883144,0.081656901536908,0.423529416322708,410.330703895969,240.043630278733,0,409.824692442882,237.435852372583,434,268,0,19,19,19,511,418,243,1,1.11189367254965,0.767701743142947,1,0.78494623655914,0.859809501775709,32.0565931323495,31.04834939252,10,4.21116627861539,4,20,20.5420998388683,-7.910217036946,86.42,0.952469711090401,0.674922621742394,0.035988195942428,0.16459428749088,0.105330751756753,0.010540333032107,0.015718572276748,0.018961826209501,0.010968742200311,0.024609949372788,0.011056749378825,0.015960945829216,0.004957012261467,0.015533554718634,0.021522946547266,0.019308734040824,0.009444712905708,0.006789674604007,0.009490798059145,0.004927474294428,0.001115797181518,5.27565026050014E-05,0.00567573049463,0.008249096298718,0.009919373754671,0.003155203793426,0.002608241938164,0.007411924999712,0.006445900463607,0.006740976759568,0.001070319723197,1,1,35.2823538184166,220.258827209473,0.396078437566757,0.035294115543366,0.49528354599772,0.603921592235565,0.603921592235565,0.476788565113738,0.431034886906992,0.427450984716415,0.364705890417099,0.30588236451149,0.058026785589589,0.05090217862506,0.462745100259781,415.90380300455,243.481892971278,0,416.3385518591,243.244618395303,0,411,252,0
30nM,O16,47,20,5427,154,213,1,1.19551024653654,0.55206579719121,0,0.490243902439024,0.095993606767244,98.5777814113556,122.262013724623,24.1867732448956,7.88041527904359,6.40312423743285,82.0458441844875,82.194208263474,-89.4170828045161,842.875999999998,0.7800215594682,0.461675299934253,0.101844649719274,0.162042580961757,0.014755967009851,0.037132539594632,0.008830659598437,0.019386769391027,0.012142050494637,0.025928183191772,0.028628804157454,0.01001758719135,0.011139132239243,0.017982604212419,0.023234999283687,0.020546814770804,0.010874369790627,0.015225610863402,0.008726221226122,0.006562729861981,0.002584506072357,0.00015141118873,0.001216993650814,0.009193981201213,0.008224724290941,0.005611701470823,0.009446798275578,0.00403854595333,0.000831316776657,0.001589149002295,0.004878816017581,137.705885499716,1311.20787774026,0.18823529779911,0.04313725233078,5.20038542321288,0.439215689897537,0.486274510622025,0.243296617490664,0.241608232493139,0.215686276555061,0.184313729405403,0.117647059261799,0.060368648623762,0.069110070212235,0.298039227724075,154.621749763493,228.731410771718,0,153.541920029482,223.644370738898,153,242,0,20,20,20,457,162,245,1,1.22875898934578,0.855432439815043,1,0.626886145404664,0.760407743929047,33.6082597231572,33.2415402771893,8.94427190999916,3.75141950625869,3.60555127546399,16.9705627484771,17.4062021622431,-46.7881840606685,86.9040000000001,0.956066945606695,0.526341341301049,0.013239117330392,0.185265829911788,0.09824733974759,0.011064197484656,0.003256622050869,0.020658089206766,0.038687151651814,0.038420874266467,0.001757144242447,0.001881961558335,0.001703881636011,0.01656869477021,0.012671404329304,0.006935396688277,0.018120792904806,0.005713466041586,0.004137717275684,0.001764601998215,0.000935537391003,0.015369682441134,0.014863026417399,0.013589518677365,0.003103300537341,0.009192232699714,0.004761956447563,0.003606166489446,0.001615356497042,0.001550947538927,0.000826655720519,1,1,24.6666673123836,147.643141999841,0.298039227724075,0.023529410362244,0.057671353254327,0.439215689897537,0.439215689897537,0.347417849470192,0.32307033260359,0.321568638086319,0.254901975393295,0.219607844948769,0.046323897994621,0.035753075475916,0.345098048448563,161.817179746758,245.550320061497,0,161.862144420131,245.586433260394,0,150,251,0
3nM,O22,66,11,2895,247,88,1,1.33773119664467,0.740645030876444,0,0.56631455399061,0.315686224633802,82.3320611941726,80.2122185206219,15.8113883008419,5.38805525798489,5,56.8202229479,55.3186256856848,-29.3930821205696,339.469999999999,0.804501875781576,0.571066023432598,0.017334988764822,0.134030243854753,0.081786096672271,0.019548194215422,0.030179856337276,0.05688700823645,0.02886699263526,0.018234930756319,0.015479881892349,0.006238676172492,0.010463543472901,0.034835895136652,0.030380212893023,0.021614769191787,0.005285009650429,0.006415188957544,0.013230532682138,0.004136350843737,0.002304812784648,0.024311942364182,0.023024889400741,0.013175052057947,0.003172420931317,0.006273882028467,0.008819442359626,0.003333017913523,0.008617042659762,0.008814016176304,0.003945042480269,110.39216029644,1173.13336205482,0.329411774873734,0.058823525905609,1.71152286912596,0.756862759590149,0.82745099067688,0.390078304934417,0.40522741349044,0.388235300779343,0.223529413342476,0.16078431904316,0.125334751149578,0.112917758264593,0.450980395078659,233.810361996911,104.109109502192,0,232.233851468048,103.442832469775,242,101,0,11,11,11,363,229,106,1,1.34361469504425,0.890945391529815,1,0.731854838709677,0.70353771257624,32.1226799335349,31.3209195267317,7.28010988928052,3.2503575218466,3,14.3096018771436,14.5872449409033,-13.9501270864851,80.522,0.94408322496749,0.471137568541146,0.054146679579963,0.160448708238039,0.092699014938434,0.045131251314681,0.021281272747478,0.025529915324449,0.037343462904615,0.038139500211,0.010231168107757,0.014498716848862,0.011116283841214,0.004392250949998,0.001592374617744,0.009959295807745,0.019206221787624,0.011224276395396,0.008165379237737,0.004812025293348,0.005521170972443,0.001453370536617,0.004634396094481,0.002848732990147,0.002754074395775,0.011133784588479,0.012825274592465,0.012608324297245,0.008559508514415,0.002181417277294,0.002672383378034,1,1,40.75686404109,199.847065269947,0.494117647409439,0.050980389118195,0.703838196018686,0.780392169952393,0.780392169952393,0.590679189001305,0.550542879531535,0.533333361148834,0.400000005960465,0.380392163991928,0.085438879953265,0.077040618618221,0.61176472902298,228.612644986554,106.682482682626,0,227.909090909091,106.702479338843,0,239,100,0
3nM,O22,66,12,4535,298,147,1,1.30149604765971,0.757682336810933,0,0.562934458788481,0.350665151926837,102.520920105643,105.118980208143,18.4390889145858,6.93371448427179,6.40312423743285,69.7033435178039,66.9075651375423,75.947952930468,403.131999999999,0.851323446592829,0.522316276586832,0.020152577672762,0.165842655894156,0.072081966704509,0.012294986749405,0.02365070505204,0.033216854603645,0.026524005144651,0.023910742016066,0.015446432303278,0.016942730200063,0.007912450310979,0.047072581700211,0.025897942326652,0.016275158026166,0.007111746584934,0.01569960658707,0.00614402082078,0.004917816792225,0.002743805708445,0.025011172109369,0.010663987611514,0.009566550176496,0.0030741165521,0.009968877668987,0.011480868048101,0.00027292264116,0.007386031301481,0.001284647261837,0.003473391174076,124.517650052905,1692.36866801977,0.329411774873734,0.039215683937073,1.66561682162694,0.600000023841858,0.713725507259369,0.376186253936269,0.373179419629498,0.364705890417099,0.219607844948769,0.192156866192818,0.072208002601604,0.06860165437528,0.407843142747879,296.50737101733,119.069428110206,0,295.533186328556,117.718412348401,309,128,0,12,12,12,459,300,117,1,1.30080922313049,0.880102188523765,1,0.771428571428571,0.751785013572439,35.2504120332185,34.132096331752,8.06225774829855,3.6778473136843,3.16227766016838,16,16.7363424331467,-87.74019798447,87.592,0.943473792394656,0.50164545153085,0.021229255258796,0.17250239328442,0.103507770138188,0.017332484552485,0.002711638208482,0.028604076495323,0.043120332955595,0.040935576652883,0.00614230161225,0.004392178527883,0.001815835958465,0.009751856142025,0.002693454729607,0.00511093001361,0.020617526867812,0.006246681124535,0.004518564913769,0.006439020361057,0.000937806258256,0.008645115993324,0.015392019996466,0.010257275137756,0.005393894284289,0.011618102958546,0.007495520900516,0.007197327465401,0.003152596092519,0.004093153815557,0.000602793290842,1,1,33.4392164051533,192.2431409657,0.380392163991928,0.031372547149658,0.621142854935859,0.600000023841858,0.709803938865662,0.439989689541491,0.418830372474292,0.411764711141586,0.329411774873734,0.294117659330368,0.06715664560192,0.059155787670672,0.447058826684952,300.301640094298,113.029231795367,0,300.058823529412,112.457516339869,0,301,121,0
3nM,O22,66,13,1771,113,104,1,3.25033930909891,0.955501955641999,0,0.237781954887218,0.033055983457763,115.947843914442,118.460964034571,12.1655250605964,3.26752359286765,2.23606797749979,46.3946319643254,34.2028477217005,-46.3934572892653,820.519999999998,0.443692847300513,0.16068604245179,0.021905950934764,0.070789493985879,0.03417962634955,0.024435577260296,0.008264024876012,0.003191246980111,0.040467714699086,0.011447137387279,0.01409241599883,0.018508779209925,0.002131429429387,0.008173968766006,0.021587244515811,0.015650984902887,0.005525603145548,0.007880749713276,0.01989513022236,0.006337157245894,0.00050894179375,0.005517362636136,0.006208429401826,0.009382597224056,0.007063459623572,0.003484939935487,0.001893802710449,0.013231298779047,0.008818482357353,0.001421996552982,0.000201737858144,121.129414260387,445.572561465204,0.227450981736183,0.023529425263405,1.52265654910775,0.360784322023392,0.43529412150383,0.236580887227319,0.251593767061098,0.24705882370472,0.121568627655506,0.121568627655506,0.03041235136295,0.041164971012046,0.274509817361832,95.4540798633708,122.847228887192,0,94.1535855448899,123.639186900056,86,130,0,13,13,13,787,81,117,1,1.11527585835182,0.77370174550249,1,0.728703703703704,0.804063181379429,39.9473661731164,39.8246155034798,12.5299640861417,5.0730963773647,4.47213595499958,24.6841587320227,25.3086540441027,-32.1676940193638,110.904,0.960927960927961,0.631802977116376,0.03683172490905,0.182318433622371,0.093250287651495,0.021985574045785,0.006145635334041,0.018856841891294,0.018741605861414,0.03032341755001,0.013485356483228,0.00757673784211,0.004002621369474,0.016876134494948,0.022340890789167,0.006853090495506,0.012774166594106,0.014399928622823,0.008758150367173,0.005125248897809,0.00136036365207,0.000654617097884,0.002772866412854,0.013458237688571,0.007867029056527,0.004876828567037,0.004709151183092,0.003767736242792,0.001628673565658,0.00207151365757,0.001162013444782,1,1,19.4078434258699,162.478434480727,0.184313729405403,0.023529410362244,0.366278350126227,0.290196090936661,0.301960796117783,0.206466419424148,0.206452902770936,0.20392157137394,0.121568627655506,0.113725490868092,0.032245405473993,0.032511074355671,0.227450981736183,83.120824486359,116.699459348486,0,82.7687420584498,116.598475222363,0,93,119,0
3nM,O22,66,14,2969,378,123,1,1.27933918994167,0.554913583467972,0,0.572723765432099,0.340277705641613,75.5202636326969,80.2246844805263,13,5.37464145265898,5,61.273158887069,62.8259112248171,22.0064251176555,331.125999999999,0.816556655665567,0.563262132120706,0.063133055854134,0.143389562048372,0.038912406065637,0.023505132941544,0.014656276674938,0.060432679808251,0.003919204111312,0.011416380812249,0.053152719797981,0.018283199082227,0.019707678981894,0.037021641978096,0.023237046620405,0.010099031683165,0.009649628379075,0.014233601989275,0.007568094207516,0.010777726037469,0.013122359619035,0.008160165316694,0.012353858144213,0.006570046464246,0.003914860409543,0.002919570777704,0.000554948885391,0.003989870801547,0.004472119085966,0.005992819999826,0.005082478690848,127.109807699919,1399.59219513834,0.388235300779343,0.074509799480438,2.23653591065304,0.839215695858002,0.945098042488098,0.455590708601859,0.47140188451948,0.462745100259781,0.250980406999588,0.227450981736183,0.118928160778878,0.112336490483031,0.537254929542542,395.549095516538,135.43808568161,0,397.000673627484,133.736611653755,394,142,0,14,14,14,415,402,137,1,1.13578767253641,0.780464905397323,1,0.753176043557169,0.788030172305022,29.4139615683391,28.6356421265527,9,3.74165866190616,3.16227766016838,17.7450062243336,18.3895968094125,12.312464207966,81.35,0.932584269662921,0.644383428128162,0.080008055486193,0.152902359842765,0.096118084213406,0.031592022438983,0.013382683156493,0.007407183418983,0.009192383126259,0.035126698664716,0.022305565096436,0.015321741337147,0.008476735578139,0.00699403135507,0.01202286421161,0.001534056832753,0.016390255585585,0.014994936916163,0.014662083827118,0.005980184468877,0.003898639875427,0.003004268654652,0.00479535969322,0.001617481221535,0.012224455716035,0.008730588983294,0.003864916549774,0.005934053341343,0.006033925648928,0.0061940505802,0.002301754343782,1,1,41.6588248610497,230.650988638401,0.505882382392883,0.039215683937073,0.454503425235844,0.847058832645416,0.847058832645416,0.603751084942749,0.555785514791328,0.541176497936249,0.431372553110123,0.39215686917305,0.105293288294117,0.077776308817209,0.588235318660736,400.847949515732,136.022493867252,0,401.221686746988,135.763855421687,0,397,145,0
3nM,O22,66,15,4588,511,143,1,1.3441864376715,0.593154742558697,0,0.579512441581407,0.316733387031989,97.4737267929986,98.488578017961,21.0237960416286,6.83875679029691,6.40312423743285,74.7547169811321,78.4749739838378,-25.1889625576238,426.647999999999,0.804912280701754,0.601931928143972,0.064056266816096,0.10127009470572,0.045278544727094,0.025078964589476,0.027222044872229,0.084945920111843,0.003925648611337,0.00900753003195,0.050073257372243,0.006530797127235,0.009734017403151,0.031663786794984,0.028525347530051,0.005302719582043,0.019944992997872,0.0121218660836,0.023858928643275,0.0039932369494,0.006815761159681,0.003579549733324,0.006575495379784,0.002157376264754,0.00877954790297,0.004975807219466,0.005809238303513,0.00723255371695,0.007630099805877,0.002903873243149,0.006660332376207,127.333335518837,1723.37650638819,0.341176480054855,0.031372547149658,0.685744233288473,0.545098066329956,0.635294139385223,0.391794878519498,0.375626963031427,0.368627458810806,0.254901975393295,0.223529413342476,0.054309766677473,0.049434069211184,0.403921574354172,468.82458965543,148.395027046813,0,468.383609415868,147.869877942459,491,146,0,15,15,15,838,458,153,1,1.48042904820374,0.918926535300633,1,0.6704,0.676099776509091,52.2700850896181,50.4479930225178,10,4.49262328002492,4.12310562561766,20.2829978060444,20.6168232570877,-14.2103962761427,124.802,0.953898690950484,0.419243512176057,0.005667990014621,0.158882461641855,0.095231191423332,0.007777699500969,0.001382155444865,0.038031918471599,0.058651796418458,0.038688260556583,0.005196209889434,0.001679990355157,0.001344478971321,0.008975637077696,0.010523813213068,0.018126576464362,0.01968022497362,0.001960934351455,0.003341978802762,0.001046110475872,0.001128419888665,0.00351399350366,0.005718445560724,0.005578892300768,0.003385281122891,0.011442753018751,0.002247088927869,0.002434296931219,0.002047287240797,0.000688441281852,0.001094109159405,1,1,43.5294125378132,323.364711791277,0.356862753629684,0.027450978755951,0.197782988960048,0.549019634723663,0.549019634723663,0.406816939605731,0.385876744380999,0.384313732385635,0.286274522542953,0.274509817361832,0.051613154311069,0.039926836488421,0.411764711141586,465.489085351135,150.167685376617,0,465.346062052506,150.304295942721,0,490,144,0
3nM,O22,66,16,5717,190,194,1,1.47759395480848,0.851178382215838,0,0.529940674823878,0.293612814143442,129.653949862446,134.182711255959,26.0768096208106,7.9334436778055,7,68.1772206635198,68.0523140575972,68.7330525596819,494.653999999999,0.806346967559944,0.404282725756786,0.054158579971031,0.148267688816814,0.062573984353557,0.033123680710423,0.028748905637372,0.011138806242027,0.044864482120226,0.010057693575382,0.026273231020396,0.017993577469437,0.005539657894259,0.012017768262394,0.011487335405539,0.014356847804486,0.011425975504863,0.010626996729048,0.018136410865703,0.00561353969819,0.004211144817424,0.005344866469285,0.013263033080583,0.010171138274876,0.010502078362447,0.006224931158819,0.010079189108345,0.021220407956135,0.012396439721805,0.008319671249804,0.00428663981732,129.325494408607,1813.60397800803,0.266666680574417,0.037254899740219,3.99414616287497,0.584313750267029,0.678431391716003,0.316199252832781,0.317230011895755,0.303921580314636,0.219607844948769,0.156862750649452,0.071472601682791,0.07180497575955,0.34901961684227,184.195591529148,168.215716184555,0,185.175441665209,172.087808291062,177,125,0,16,16,16,614,182,151,1,1.14411507111683,0.807198456772818,1,0.775252525252525,0.799338623788908,36.4438924242156,35.5105618091294,11,4.52740918322759,4.06155281280883,21,21.5121061601692,75.7741475312437,98.248,0.959375,0.618914352470938,0.001950617165549,0.180643086288111,0.106195474491919,0.001513954263229,0.001768265313102,0.002707422810753,0.019062318372865,0.035123992065058,0.001330537554964,0.004603443191632,0.003156577292434,0.026004214150605,0.023931485176588,0.007894670496684,0.011897435959201,0.001841420895076,0.002382427473224,0.002608443371704,0.004118231341786,0.007267899040003,0.010716086151853,0.012395794086877,0.01272253576134,0.003262472576278,0.000510539918294,0.001912994924477,0.002851995675628,0.002539504640268,0.00373385322124,1,1,34.8078441917896,229.721574217081,0.337254911661148,0.031372547149658,0.444465309390423,0.584313750267029,0.584313750267029,0.41937161676855,0.374139371689057,0.364705890417099,0.254901975393295,0.254901975393295,0.087181096995221,0.060314506874228,0.400000005960465,181.867273259575,151.555950074032,0,182.294788273616,151.677524429967,0,172,146,0
3nM,O22,66,17,5747,245,188,1,1.17796212957566,0.506939765818015,0,0.602410901467505,0.342743258589584,99.3031638335818,112.361025271221,25,8.49786266678764,7.61577310586391,85.2493176151349,85.5974882433933,82.7581087456426,459.029999999999,0.847140330188679,0.578119257402123,0.06421305054626,0.170153959108548,0.024917975086789,0.018210921487374,0.028654691329718,0.026951690358876,0.01172247110912,0.032200158907236,0.035960495200818,0.020205436997632,0.015434248382348,0.008742722136056,0.020191999537037,0.015935450839759,0.012367750793202,0.008193002028608,0.020038713042452,0.014994253142645,0.004301387149038,0.004539428169619,0.018339856831091,0.011431462666783,0.00848716069526,0.008782013280681,0.007801701190264,0.011683248325226,0.003203047667578,0.005390323438134,0.001608499649602,127.470591887832,2003.59220986068,0.309803932905197,0.035294115543366,1.75519446866598,0.639215707778931,0.639215707778931,0.33811828086958,0.348632714435476,0.341176480054855,0.223529413342476,0.18823529779911,0.064779120082668,0.059597115643048,0.380392163991928,250.58917118565,170.596630472714,0,249.971637376022,172.239603271272,252,150,0,17,17,17,415,240,155,1,1.05471810234794,0.606897545391626,1,0.768518518518518,0.737757915335364,26.1755321027752,27.2029410174709,9.48683298050514,3.73143846740568,3.16227766016838,19,20.8037913971302,0.417539876132502,84.076,0.900216919739696,0.699570905668337,0.050776095333988,0.178899789650031,0.054577790498416,0.00934416381287,0.027456162380595,0.046240234513151,0.006057745350908,0.001521842795818,0.019482754180556,0.011611368100513,0.018700569653235,0.011461759993393,0.014878621116355,0.020212702800901,0.009060886801856,0.002322604425168,0.004891531288122,0.006733224826489,0.011171777196815,0.008755916622189,0.008757204521735,0.001414578437734,0.016164229720993,0.006362404247939,0.011397973609589,0.008381975683766,0.004380296409805,0.003930889561158,0.005027890412338,1,1,29.8000005185604,176.505885452032,0.384313732385635,0.035294115543366,0.468907463958394,0.576470613479614,0.666666686534882,0.431884065486383,0.425315386631403,0.419607847929001,0.298039227724075,0.282352954149246,0.056320383890277,0.058765522432561,0.458823531866074,241.300539897704,154.921926721828,0,240.877108433735,154.720481927711,0,251,150,0
3nM,O22,66,18,5004,321,181,1,1.24820534343794,0.622468222100875,0,0.588705882352941,0.363132347795345,99.1723110834662,99.8248466064436,21.4009345590327,7.36795882042441,7,76.2942983558554,77.6167207858322,-70.5868860271598,416.131999999999,0.854508196721312,0.638451961813529,0.038233702093737,0.125237093586141,0.063128685200057,0.01316872454308,0.036782925852346,0.082045196259966,0.003926424709581,0.017527156371599,0.017739604228738,0.015564113290443,0.005945430469362,0.033373510862521,0.026318500786077,0.00870533601123,0.015934726704411,0.028773234252888,0.0132873783148,0.000693819023881,0.007767973700092,0.00994389981677,0.000627451534529,0.00416355267653,0.007892526694992,0.005409855732688,0.011200009183815,0.010010663115894,0.006534887515622,0.007083872312305,0.002553868079293,158.356866896153,2417.10595831275,0.423529416322708,0.062745094299316,2.09570693917542,0.631372570991516,0.760784327983856,0.456359846962975,0.483034763851469,0.494117647409439,0.235294118523598,0.200000002980232,0.082471805237001,0.092606006861721,0.552941203117371,343.279863166124,170.312233658347,0,341.404676258993,171.248001598721,358,143,0,18,18,18,571,349,165,1,1.36303574498343,0.896869492946497,1,0.793055555555555,0.703317829062917,40.7268321721945,39.319206502675,9,3.94401659837905,3.60555127546399,17,18.0132855429639,-88.765925461169,101.006,0.950874271440466,0.470258589937761,0.022342369537962,0.166709575002506,0.101401894176437,0.016030417425644,0.007647408728953,0.039001205434248,0.044035900773267,0.043326638529121,0.005477080272325,0.006577238992443,0.005543087241986,0.004601064911316,0.002414384392267,0.010793233634476,0.022156228543903,0.006154565091753,0.005180319743177,0.005345567119247,0.004379551531094,0.009461173666079,0.014249464694688,0.005023341888648,0.001890680334662,0.011954414241666,0.006980156319461,0.005156009010917,0.005107762864819,0.002785042957995,0.003119694610576,1,1,46.0784330666065,277.964712113142,0.458823531866074,0.027450978755951,0.035942962316089,0.615686297416687,0.615686297416687,0.523618557575074,0.486803348709531,0.482352942228317,0.43529412150383,0.388235300779343,0.042978883378041,0.040908698262137,0.509803950786591,349.222711303215,165.060580411312,0,349.218914185639,165.096322241681,0,357,159,0
3nM,O22,66,19,4613,144,201,1,1.32269209569343,0.591739335231336,0,0.486808780075982,0.069899661709544,96.9056023921842,105.261578935526,17.464249196573,6.02465560796197,5.3851648071345,80.6380803342937,78.11845208347,-78.1320430612746,910.665999999998,0.731409544950056,0.487033846050962,0.055310147348496,0.160787026078269,0.039517441694215,0.021038688778041,0.035104574964276,0.031532858457087,0.031393983446052,0.00380860760565,0.023678695944758,0.033637878150155,0.012985967445467,0.029444601703711,0.005912107345317,0.001440245468248,0.007385021034604,0.011972430203559,0.012176083714787,0.012627559090533,0.001016938139445,0.016126165906601,0.01741778545882,0.006248162206348,0.010085345409726,0.005294957044818,0.003712917987003,0.00172835323371,0.002568433841495,0.002416660027099,0.003717781274181,158.682357311249,1296.2039616555,0.243137255311012,0.039215683937073,1.50890816483064,0.388235300779343,0.474509805440903,0.265355112560617,0.28098936953295,0.282352954149246,0.211764708161354,0.133333340287209,0.038851055854931,0.051366429305511,0.317647069692612,127.143090603966,185.411116043504,0,125.847821374377,184.637112508129,119,182,0,19,19,19,434,127,174,1,1.60874500713201,0.933403750058027,1,0.781981981981982,0.657032068671419,39.7030156589673,36.8781778291715,7,3.26671799172222,3,13.2182189222077,14.2465484910775,-83.4297624126617,91.108,0.939393939393939,0.404440796562934,0.023872539569261,0.139792009530957,0.099704083242001,0.026815302090152,0.007841821083051,0.037623023465735,0.054096596046442,0.042779436576986,0.016266335276564,0.010308330166178,0.002524690515702,0.01273847611477,0.011141086907703,0.019362515702022,0.021108971415369,0.004326362520799,0.003005160544161,0.003463984104412,0.000712719945629,0.001216163171198,0.000759777555501,0.002316627330197,0.003873498134206,0.010905973744547,0.00461570248133,0.002951649533034,0.003857506622295,0.002127399367537,0.000910862258311,1,1,25.8156871497631,135.011769428849,0.290196090936661,0.019607841968536,0.045290634842992,0.419607847929001,0.419607847929001,0.314825453045892,0.311087026333754,0.309803932905197,0.227450981736183,0.211764708161354,0.035295574381121,0.031496286997016,0.333333343267441,126.094399905408,180.862466591975,0,126.069124423963,180.824884792627,0,132,188,0
3nM,O22,66,20,3328,443,196,1,1.40915282512153,0.791719629333864,0,0.562447186074024,0.304878127866992,93.1343527428487,96.4209520799292,14,5.44679285486872,5.09901951359278,57.4809431336109,56.8943444141474,10.8597184601535,370.367999999999,0.813194868662187,0.453811978650809,0.063057848760744,0.146248700159405,0.065147950629032,0.024330309336324,0.018909907625189,0.014612402651264,0.031625369690248,0.01501932104893,0.03474497110765,0.008684687042991,0.008973426613745,0.021154651951091,0.014753304474286,0.019273532219612,0.013293578636692,0.027051790815237,0.018218033991779,0.00467602437204,0.005072733613281,0.016320939099005,0.010797841977822,0.012542217512729,0.009908803338002,0.011282226049365,0.016669857142129,0.011217466953135,0.004125172210119,0.002452754480312,9.89743595566129E-05,161.019612044096,1746.57652372122,0.458823531866074,0.066666692495346,1.86563501651241,0.803921580314636,0.886274516582489,0.511173371568559,0.524812657368155,0.521568655967712,0.298039227724075,0.254901975393295,0.112800170710469,0.10532377658157,0.592156887054443,413.015901092206,191.545432228367,0,414.491586538462,192.686899038462,387,190,0,20,20,20,444,408,191,1,1.57628604994992,0.932469747332044,1,0.758974358974359,0.648386404190618,39.7199587261752,38.2099463490856,7,3.29966522548905,3,13.8219276976545,14.3487585530053,2.71772527287933,92.764,0.932773109243698,0.384588109060416,0.020908052048032,0.151156877083262,0.087544648843096,0.021790293656779,0.010352182552731,0.045199671632015,0.052808307784561,0.03908407773239,0.012822531613233,0.008770521445008,0.006524522717084,0.010713705134996,0.013396365894788,0.021474590508452,0.0211423781946,0.003043731288343,0.001473378878762,0.004696029451122,0.004184884648916,0.004232794201111,0.001825466913635,0.001113690446611,0.008300800495926,0.012418431655775,0.004308265637108,0.004431991651783,0.001477033880683,0.002472231230718,0.002691739239492,1,1,55.2078447341919,272.070598214865,0.5686274766922,0.04313725233078,0.198708934672544,0.803921580314636,0.803921580314636,0.673266399197462,0.612771617601047,0.607843160629272,0.560784339904785,0.462745100259781,0.058471373628533,0.061346337313657,0.650980412960053,411.151906963676,191.960462973025,0,411.344594594595,192.009009009009,0,414,198,0
